User_ID	Extrovert	Agreeable	Conscientious	Neurotic	Open	Conformity	Tradition	Benevolence	Universalism	Self-Direction	Stimulation	Hedonism	Achievement	Power	Security	Rational	Feeling
user_1	3.6666666666666665	3.6666666666666665	4.0	2.0	3.6666666666666665	5	6	5	6	4	5	3	5	4	5	4	3
user_3	4.0	4.0	2.6666666666666665	3.333333333333333	3.333333333333333	2	3	4	4	4	4	5	5	5	5	4	4
user_5	3.333333333333333	4.666666666666667	4.666666666666667	2.0	4.0	3	3	6	6	6	5	4	5	4	5	4	4
user_7	4.666666666666667	4.0	5.0	1.0	4.666666666666667	6	6	4	6	6	6	6	6	4	6	6	2
user_9	2.6666666666666665	4.666666666666667	4.0	1.3333333333333333	3.0	5	6	6	5	6	4	3	3	5	6	6	2
user_11	4.666666666666667	4.333333333333333	4.0	4.666666666666667	4.0	1	1	6	6	5	5	6	3	3	4	4	4
user_12	4.0	5.0	4.333333333333333	1.0	3.6666666666666665	1	1	6	6	6	5	3	2	3	4	6	2
user_14	3.0	3.333333333333333	3.333333333333333	2.6666666666666665	2.6666666666666665	5	4	5	5	5	3	2	2	6	6	4	2
user_16	3.333333333333333	4.0	4.333333333333333	3.0	2.6666666666666665	3	3	4	4	6	3	5	5	5	5	4	3
user_18	4.333333333333333	5.0	5.0	1.0	2.333333333333333	6	6	6	6	6	6	6	6	6	6	6	2
user_20	3.0	3.333333333333333	2.333333333333333	2.0	3.333333333333333	6	4	5	4	3	2	4	1	1	3	1	6
user_8	2.333333333333333	4.0	4.333333333333333	2.0	3.333333333333333	5	3	5	6	5	3	2	2	5	5	4	2
user_23	1.6666666666666667	4.0	3.6666666666666665	3.0	3.333333333333333	5	4	5	6	5	5	4	3	4	5	4	2
user_25	4.0	4.666666666666667	4.0	1.3333333333333333	3.333333333333333	2	3	6	6	5	6	4	6	5	5	4	2
user_27	2.0	4.666666666666667	4.666666666666667	3.6666666666666665	4.333333333333333	3	3	5	5	6	6	5	6	6	6	6	3
user_29	3.333333333333333	4.0	3.333333333333333	3.333333333333333	3.6666666666666665	5	5	5	5	5	5	5	5	5	5	4	4
user_31	5.0	5.0	4.0	2.6666666666666665	4.0	4	4	6	5	5	3	3	6	6	6	6	4
user_33	3.6666666666666665	4.333333333333333	4.666666666666667	2.333333333333333	3.0	5	5	5	5	5	5	4	5	5	5	4	3
user_35	4.333333333333333	4.333333333333333	3.333333333333333	2.0	3.333333333333333	1	6	6	6	6	6	6	5	2	6	2	4
user_37	2.6666666666666665	4.666666666666667	4.666666666666667	2.0	3.333333333333333	5	2	4	5	5	2	5	4	4	6	6	2
user_39	3.333333333333333	4.666666666666667	4.0	3.0	3.6666666666666665	4	4	4	4	4	3	4	4	4	4	4	3
user_40	3.333333333333333	4.0	3.6666666666666665	2.333333333333333	3.333333333333333	3	4	4	3	4	3	4	4	4	4	4	2
user_26	2.6666666666666665	4.0	3.0	3.0	3.0	4	2	3	5	5	5	5	4	3	4	4	3
user_42	4.0	4.0	4.666666666666667	2.6666666666666665	3.0	5	4	5	4	5	4	4	5	4	5	4	4
user_44	3.333333333333333	1.6666666666666667	2.0	2.6666666666666665	3.333333333333333	2	3	5	4	4	3	5	4	4	6	4	4
user_45	3.0	4.0	3.6666666666666665	2.0	3.333333333333333	5	5	5	5	5	4	3	4	4	4	4	4
user_47	5.0	5.0	5.0	1.0	3.6666666666666665	6	6	6	6	6	6	6	6	6	6	6	2
user_49	4.666666666666667	3.333333333333333	3.6666666666666665	1.0	3.0	2	2	3	2	6	5	5	6	4	3	4	2
user_50	2.333333333333333	4.333333333333333	4.0	2.0	3.333333333333333	5	6	6	5	5	2	2	4	4	5	4	2
user_52	4.666666666666667	3.0	3.6666666666666665	1.3333333333333333	3.0	3	4	3	5	5	4	4	5	4	4	4	2
user_54	4.0	3.6666666666666665	4.0	3.0	3.6666666666666665	6	5	5	4	5	5	3	6	6	6	4	2
user_56	3.0	4.666666666666667	4.0	4.333333333333333	3.0	3	2	5	5	4	5	3	6	4	6	4	2
user_58	4.666666666666667	4.333333333333333	3.6666666666666665	2.0	3.333333333333333	5	1	6	6	4	3	4	3	3	3	4	4
user_60	4.333333333333333	4.0	3.333333333333333	2.6666666666666665	2.6666666666666665	5	4	3	5	5	4	4	5	4	4	6	3
user_62	4.0	4.0	3.6666666666666665	2.0	2.6666666666666665	4	4	5	5	5	5	4	4	4	5	3	3
user_64	3.333333333333333	4.0	4.333333333333333	1.3333333333333333	2.333333333333333	5	6	6	5	5	5	2	4	4	5	4	2
user_66	3.6666666666666665	4.0	3.333333333333333	2.0	3.6666666666666665	6	5	5	4	5	4	4	4	4	5	4	3
user_68	4.333333333333333	4.333333333333333	4.333333333333333	1.3333333333333333	3.0	4	5	4	3	6	4	5	6	5	5	4	2
user_70	4.0	4.666666666666667	4.0	2.333333333333333	3.0	4	5	5	6	6	2	5	5	6	6	4	3
user_72	1.6666666666666667	3.6666666666666665	4.333333333333333	3.0	3.0	2	1	4	3	4	2	5	3	5	4	6	6
user_75	3.333333333333333	4.666666666666667	4.666666666666667	3.333333333333333	4.0	5	5	6	6	6	6	5	6	6	6	6	6
user_77	4.666666666666667	5.0	5.0	1.0	3.6666666666666665	6	6	6	6	6	6	4	6	6	6	4	4
user_79	5.0	5.0	4.666666666666667	2.6666666666666665	3.6666666666666665	6	6	6	6	4	6	6	4	4	6	4	6
user_81	4.333333333333333	4.0	3.0	2.333333333333333	4.333333333333333	3	4	6	6	6	6	6	6	6	5	3	4
user_82	3.6666666666666665	3.6666666666666665	3.333333333333333	4.666666666666667	4.333333333333333	2	3	6	6	6	3	6	6	6	6	2	3
user_84	2.6666666666666665	4.333333333333333	4.666666666666667	4.0	4.0	6	5	6	6	6	3	3	3	4	6	6	3
user_86	4.0	3.6666666666666665	3.0	3.333333333333333	3.333333333333333	2	2	5	4	6	5	2	6	3	5	6	1
user_88	3.6666666666666665	4.666666666666667	3.0	3.6666666666666665	4.333333333333333	5	6	5	6	5	5	6	5	6	5	4	4
user_90	3.6666666666666665	4.333333333333333	4.0	3.0	4.333333333333333	4	5	6	5	4	5	6	5	4	5	4	6
user_87	3.6666666666666665	4.0	4.0	4.0	3.6666666666666665	4	4	5	5	6	6	6	6	4	5	4	4
user_93	3.0	4.666666666666667	4.666666666666667	2.6666666666666665	3.6666666666666665	5	3	5	6	6	4	5	6	5	6	6	4
user_95	3.6666666666666665	3.0	4.333333333333333	2.6666666666666665	3.333333333333333	4	5	5	5	5	4	5	5	5	5	4	3
user_97	3.333333333333333	4.0	3.333333333333333	3.333333333333333	4.0	5	5	5	5	5	5	5	5	5	5	4	3
user_99	4.0	4.666666666666667	3.0	2.0	3.0	2	2	6	6	5	5	4	5	6	6	2	4
user_101	2.6666666666666665	3.0	2.6666666666666665	2.0	2.333333333333333	3	2	4	2	5	2	1	2	2	5	4	1
user_103	3.6666666666666665	5.0	3.6666666666666665	1.6666666666666667	3.333333333333333	5	5	6	6	6	4	4	6	6	6	6	3
user_105	3.333333333333333	3.0	4.0	2.0	3.0	5	5	5	4	6	4	4	5	5	5	6	2
user_107	3.0	3.0	3.0	3.0	3.0	3	4	3	4	3	3	3	3	3	4	3	3
user_109	2.333333333333333	5.0	5.0	2.333333333333333	3.333333333333333	6	6	6	6	4	2	2	2	4	5	6	3
user_111	1.3333333333333333	3.0	3.333333333333333	5.0	2.6666666666666665	5	5	5	4	4	2	1	1	3	5	3	3
user_113	4.333333333333333	4.0	5.0	2.333333333333333	3.6666666666666665	5	5	5	5	5	5	5	5	5	5	4	2
user_115	4.333333333333333	5.0	3.6666666666666665	3.6666666666666665	3.333333333333333	6	6	6	6	6	6	6	6	6	6	6	6
user_116	4.0	5.0	3.333333333333333	3.333333333333333	4.0	5	5	6	5	4	3	2	2	5	5	4	3
user_118	3.0	4.0	2.6666666666666665	2.333333333333333	4.0	5	4	3	4	6	5	4	6	5	5	4	3
user_120	3.6666666666666665	4.333333333333333	5.0	2.6666666666666665	3.333333333333333	6	6	6	4	5	5	2	4	5	5	4	4
user_122	3.6666666666666665	3.333333333333333	3.0	3.333333333333333	3.6666666666666665	5	3	4	5	4	5	1	4	5	5	4	4
user_124	2.333333333333333	4.0	3.6666666666666665	2.6666666666666665	3.0	4	3	5	5	6	6	6	6	5	4	6	1
user_126	3.0	4.0	3.333333333333333	1.0	3.6666666666666665	2	3	4	5	5	5	4	4	2	3	4	3
user_128	4.0	4.0	3.333333333333333	3.6666666666666665	4.0	6	4	5	6	4	5	6	4	5	6	4	6
user_130	4.0	3.6666666666666665	3.333333333333333	1.0	3.6666666666666665	5	4	5	5	6	4	4	6	4	5	4	3
user_132	3.0	3.0	3.0	3.0	3.0	4	4	4	4	4	4	4	4	4	4	3	3
user_134	3.0	4.0	3.0	3.6666666666666665	4.0	4	4	5	5	4	4	3	5	4	4	4	4
user_136	4.333333333333333	4.0	4.0	3.0	4.0	5	5	4	4	4	4	5	4	5	4	4	4
user_138	3.0	3.6666666666666665	3.333333333333333	1.3333333333333333	2.6666666666666665	4	4	3	4	5	4	3	3	3	4	4	4
user_140	5.0	4.333333333333333	4.666666666666667	1.3333333333333333	3.333333333333333	4	4	5	6	6	6	4	3	4	6	6	3
user_142	4.666666666666667	5.0	4.333333333333333	1.3333333333333333	3.0	5	5	6	5	3	4	4	5	5	6	4	2
user_144	4.0	4.0	3.6666666666666665	1.0	3.333333333333333	3	4	6	6	6	4	3	4	4	5	4	3
user_146	2.0	4.0	4.0	4.333333333333333	4.333333333333333	6	6	4	5	6	5	6	3	6	6	6	4
user_148	4.0	4.0	4.0	2.0	3.333333333333333	5	5	5	5	5	5	5	5	5	5	4	2
user_150	4.333333333333333	4.0	4.0	2.0	3.6666666666666665	3	3	5	6	6	4	6	4	4	6	4	3
user_152	4.666666666666667	3.6666666666666665	5.0	1.0	3.6666666666666665	6	6	6	6	6	5	5	6	6	6	6	1
user_153	3.0	3.6666666666666665	4.0	3.0	2.333333333333333	5	3	5	5	5	3	4	5	5	5	4	2
user_78	4.333333333333333	4.666666666666667	5.0	2.333333333333333	3.333333333333333	6	6	6	6	6	6	4	5	6	6	6	6
user_156	3.333333333333333	4.666666666666667	4.666666666666667	2.333333333333333	4.0	5	6	6	6	5	5	3	2	3	6	6	2
user_158	2.6666666666666665	4.0	4.333333333333333	2.6666666666666665	3.333333333333333	5	5	5	6	6	5	4	4	5	5	3	3
user_157	3.0	4.0	3.333333333333333	2.6666666666666665	3.0	3	3	5	5	5	2	2	2	2	5	4	3
user_161	3.6666666666666665	5.0	3.6666666666666665	2.6666666666666665	4.333333333333333	6	5	6	6	6	4	4	5	5	6	4	4
user_163	3.6666666666666665	3.6666666666666665	4.0	1.0	3.333333333333333	3	5	5	5	5	5	4	4	3	3	6	3
user_104	4.0	4.333333333333333	4.333333333333333	3.6666666666666665	3.0	1	2	5	6	6	4	5	5	3	6	4	3
user_166	4.0	3.6666666666666665	4.333333333333333	2.0	2.0	4	5	5	5	4	6	2	6	6	5	6	4
user_168	4.333333333333333	5.0	4.666666666666667	1.0	3.0	6	4	6	6	3	5	4	4	5	5	4	4
user_170	4.333333333333333	4.0	3.6666666666666665	3.333333333333333	4.0	5	5	6	5	6	5	6	6	6	5	4	2
user_172	3.333333333333333	4.666666666666667	5.0	3.6666666666666665	3.0	3	2	5	6	5	3	2	4	5	6	6	1
user_173	3.6666666666666665	4.0	2.333333333333333	1.3333333333333333	3.0	4	5	5	5	5	4	2	4	4	4	4	4
user_175	3.6666666666666665	4.0	4.333333333333333	2.333333333333333	3.0	6	6	6	6	5	5	5	5	5	5	6	6
user_177	2.6666666666666665	3.0	2.6666666666666665	3.0	3.0	4	5	5	3	4	4	4	3	3	3	4	4
user_167	4.0	4.666666666666667	3.333333333333333	3.0	4.0	6	6	6	6	6	2	1	3	6	6	6	6
user_180	1.6666666666666667	4.0	4.666666666666667	4.0	3.6666666666666665	3	5	6	6	6	6	6	6	6	6	4	1
user_182	2.333333333333333	3.333333333333333	4.0	2.0	3.6666666666666665	3	3	3	3	5	4	5	4	4	4	4	3
user_184	4.333333333333333	5.0	5.0	3.333333333333333	3.6666666666666665	6	6	6	6	6	4	4	1	5	6	6	2
user_186	4.333333333333333	4.666666666666667	5.0	2.0	3.6666666666666665	5	5	5	6	6	6	6	5	5	6	6	2
user_188	3.333333333333333	5.0	4.333333333333333	4.0	4.333333333333333	6	6	6	6	5	4	6	6	6	6	4	3
user_189	4.0	5.0	3.6666666666666665	2.6666666666666665	3.0	6	4	6	6	4	4	4	4	4	4	6	2
user_191	3.6666666666666665	4.0	4.0	3.333333333333333	3.333333333333333	4	4	5	5	4	3	4	4	5	5	4	3
user_193	4.666666666666667	4.666666666666667	3.6666666666666665	2.6666666666666665	3.6666666666666665	5	5	5	4	4	6	4	5	6	4	6	3
user_195	2.6666666666666665	4.0	3.6666666666666665	2.0	3.0	5	5	5	5	4	3	3	4	4	5	4	3
user_197	3.333333333333333	4.0	3.0	2.6666666666666665	3.333333333333333	5	3	5	5	5	5	3	5	5	5	6	1
user_199	1.0	3.0	4.333333333333333	2.333333333333333	2.333333333333333	4	4	5	6	6	2	6	6	4	6	6	1
user_201	4.666666666666667	3.6666666666666665	4.333333333333333	2.0	2.6666666666666665	4	3	5	5	3	5	2	3	2	4	4	6
user_203	4.0	4.0	4.0	3.0	3.0	5	5	5	5	5	5	3	5	5	5	4	4
user_205	5.0	4.0	5.0	1.3333333333333333	3.0	6	5	5	5	6	5	4	4	4	6	4	3
user_206	5.0	5.0	4.0	1.3333333333333333	3.6666666666666665	6	6	6	6	6	6	6	4	5	6	6	3
user_208	1.0	4.333333333333333	5.0	3.0	3.6666666666666665	6	6	6	6	5	3	3	2	3	6	4	4
user_211	4.666666666666667	5.0	4.666666666666667	1.6666666666666667	2.6666666666666665	5	1	5	5	4	4	4	4	5	5	4	3
user_213	3.6666666666666665	4.0	4.0	2.0	3.0	4	2	4	4	4	4	2	2	4	4	4	2
user_215	4.666666666666667	5.0	4.666666666666667	1.6666666666666667	3.6666666666666665	5	3	6	6	6	5	4	3	6	4	6	3
user_217	3.0	4.0	4.333333333333333	1.6666666666666667	3.333333333333333	4	3	5	5	6	4	2	4	5	6	6	4
user_219	1.3333333333333333	4.666666666666667	3.0	2.6666666666666665	3.6666666666666665	2	3	4	6	5	4	6	4	5	5	4	4
user_220	4.333333333333333	4.0	4.0	3.6666666666666665	3.6666666666666665	4	4	5	6	6	5	2	2	5	5	4	4
user_222	3.0	4.666666666666667	4.333333333333333	3.333333333333333	3.6666666666666665	4	3	6	5	5	4	3	2	3	5	4	4
user_224	4.333333333333333	5.0	4.333333333333333	2.333333333333333	3.333333333333333	5	5	6	6	6	6	6	5	5	6	6	3
user_226	3.333333333333333	4.666666666666667	3.6666666666666665	2.6666666666666665	4.0	4	3	3	4	5	4	4	4	4	4	3	3
user_228	3.6666666666666665	4.0	4.666666666666667	3.333333333333333	3.0	3	3	4	3	5	4	4	4	5	6	4	2
user_230	4.0	4.0	5.0	2.6666666666666665	2.6666666666666665	5	6	6	6	6	4	1	5	6	6	2	4
user_233	3.333333333333333	4.0	4.666666666666667	2.0	3.6666666666666665	3	5	5	6	6	5	5	5	6	6	4	3
user_235	4.666666666666667	5.0	2.6666666666666665	3.333333333333333	3.6666666666666665	6	1	6	6	6	6	6	6	6	6	4	4
user_237	4.0	4.666666666666667	3.6666666666666665	2.333333333333333	3.0	4	2	6	4	6	6	6	6	6	5	6	3
user_239	4.0	4.666666666666667	4.666666666666667	3.333333333333333	4.0	6	5	6	5	4	4	3	6	6	6	6	2
user_241	4.0	4.666666666666667	4.0	2.6666666666666665	3.6666666666666665	5	6	5	6	6	4	4	6	5	4	4	3
user_243	4.666666666666667	4.333333333333333	3.6666666666666665	1.6666666666666667	3.333333333333333	5	2	4	5	6	5	6	6	4	5	4	2
user_245	4.333333333333333	4.0	3.6666666666666665	2.0	3.6666666666666665	3	2	5	5	4	5	6	5	4	5	4	2
user_247	3.6666666666666665	4.333333333333333	3.333333333333333	2.6666666666666665	3.6666666666666665	4	5	5	4	4	5	4	4	4	3	4	3
user_249	1.3333333333333333	3.6666666666666665	4.0	4.0	3.333333333333333	5	2	3	5	5	4	5	2	2	4	4	2
user_251	1.6666666666666667	3.0	3.0	2.6666666666666665	1.0	4	5	3	5	5	2	4	5	5	6	4	4
user_252	3.333333333333333	3.6666666666666665	3.333333333333333	4.333333333333333	4.666666666666667	5	3	4	5	5	4	5	5	5	4	3	3
user_254	2.6666666666666665	3.6666666666666665	5.0	2.6666666666666665	3.6666666666666665	5	2	5	5	5	2	5	5	5	5	4	2
user_256	2.6666666666666665	4.333333333333333	3.6666666666666665	3.333333333333333	3.333333333333333	6	5	5	6	6	2	3	4	3	4	3	2
user_258	4.0	3.6666666666666665	4.0	2.333333333333333	3.0	5	3	4	5	5	3	5	5	5	5	4	3
user_260	4.666666666666667	4.333333333333333	4.666666666666667	3.0	3.333333333333333	5	3	5	5	6	5	5	6	4	5	6	2
user_262	4.0	4.0	4.0	3.0	3.6666666666666665	4	5	4	3	5	4	4	5	6	4	3	4
user_264	5.0	4.333333333333333	5.0	2.0	3.6666666666666665	5	6	6	6	5	3	5	3	5	5	6	2
user_266	3.6666666666666665	4.333333333333333	4.0	2.6666666666666665	3.333333333333333	5	4	3	4	4	5	6	4	4	5	4	3
user_269	4.0	4.0	5.0	2.0	3.333333333333333	3	6	5	6	6	4	4	5	3	5	6	3
user_271	3.333333333333333	4.666666666666667	4.666666666666667	2.6666666666666665	3.0	5	6	6	6	5	5	3	2	3	6	6	1
user_273	4.333333333333333	4.666666666666667	3.0	1.0	3.0	5	4	6	6	6	5	6	5	6	6	6	3
user_275	3.333333333333333	4.0	3.333333333333333	2.6666666666666665	4.333333333333333	6	5	4	4	2	6	2	6	6	6	4	6
user_274	3.6666666666666665	4.666666666666667	3.6666666666666665	1.6666666666666667	3.333333333333333	2	3	5	3	6	5	5	3	4	5	4	2
user_85	3.333333333333333	4.666666666666667	3.333333333333333	2.0	2.0	5	5	5	6	6	5	2	2	5	2	4	4
user_278	3.6666666666666665	5.0	4.333333333333333	2.0	4.333333333333333	6	6	6	4	5	4	4	3	6	6	4	3
user_280	3.6666666666666665	4.0	4.0	2.0	3.333333333333333	4	5	5	5	6	4	4	5	4	5	4	2
user_284	3.333333333333333	4.666666666666667	3.6666666666666665	4.0	4.666666666666667	6	5	6	5	6	4	5	4	5	6	4	6
user_286	4.666666666666667	4.0	3.333333333333333	2.0	3.333333333333333	3	4	4	3	5	5	3	4	4	4	6	4
user_288	3.0	5.0	4.666666666666667	2.6666666666666665	3.333333333333333	5	5	6	6	4	4	4	4	5	6	6	4
user_289	2.6666666666666665	4.0	4.333333333333333	1.3333333333333333	3.6666666666666665	5	5	4	5	6	3	3	1	1	6	6	3
user_291	4.333333333333333	3.0	3.6666666666666665	2.6666666666666665	1.6666666666666667	2	3	4	5	3	4	2	3	4	4	4	4
user_69	4.666666666666667	5.0	4.666666666666667	4.0	3.333333333333333	6	5	6	6	6	6	2	6	5	6	4	3
user_165	4.333333333333333	5.0	3.6666666666666665	3.0	3.6666666666666665	3	1	4	5	6	6	4	5	4	4	4	3
user_295	4.666666666666667	4.666666666666667	3.6666666666666665	2.333333333333333	3.333333333333333	2	6	5	6	6	6	5	3	4	6	4	2
user_297	3.0	4.333333333333333	2.6666666666666665	4.0	3.6666666666666665	3	4	4	4	5	5	5	6	6	5	6	6
user_299	4.0	4.666666666666667	3.6666666666666665	2.0	3.0	6	6	6	6	6	6	6	6	6	6	6	2
user_301	3.0	3.0	3.0	3.0	3.0	4	5	5	5	5	5	4	5	5	5	4	3
user_303	3.333333333333333	4.666666666666667	4.666666666666667	1.0	3.333333333333333	5	5	6	6	4	3	4	3	6	5	6	3
user_112	2.6666666666666665	4.333333333333333	4.666666666666667	3.6666666666666665	2.6666666666666665	5	6	5	6	6	4	5	5	5	6	4	4
user_306	3.6666666666666665	3.6666666666666665	3.0	2.333333333333333	3.333333333333333	4	5	4	5	4	4	4	4	5	5	4	3
user_308	4.333333333333333	5.0	4.0	2.333333333333333	3.6666666666666665	5	4	6	6	6	6	5	6	5	6	4	2
user_310	4.0	4.666666666666667	3.6666666666666665	3.333333333333333	4.333333333333333	5	6	6	6	5	6	1	6	6	5	4	6
user_312	2.0	4.666666666666667	3.6666666666666665	3.0	3.333333333333333	2	2	5	5	5	5	2	3	4	5	4	3
user_314	4.333333333333333	5.0	4.333333333333333	1.3333333333333333	3.333333333333333	5	2	6	6	6	4	2	3	2	6	6	3
user_315	4.0	3.6666666666666665	3.6666666666666665	3.0	4.333333333333333	3	3	5	6	6	5	5	5	5	6	4	3
user_317	4.333333333333333	4.333333333333333	2.6666666666666665	2.6666666666666665	3.333333333333333	4	4	4	5	5	4	2	4	4	4	3	3
user_318	3.0	3.333333333333333	3.0	3.333333333333333	3.6666666666666665	5	4	3	4	5	4	3	4	5	4	4	3
user_319	3.0	3.333333333333333	4.0	3.0	4.0	2	2	4	3	5	4	4	4	4	5	4	3
user_321	2.333333333333333	3.6666666666666665	5.0	3.333333333333333	3.6666666666666665	6	3	3	6	4	2	4	5	2	5	6	1
user_323	2.6666666666666665	4.333333333333333	4.0	2.6666666666666665	3.333333333333333	5	5	5	5	4	2	2	3	4	4	4	4
user_325	4.0	4.333333333333333	4.333333333333333	2.6666666666666665	3.6666666666666665	5	5	4	5	4	1	5	5	5	6	6	2
user_326	4.666666666666667	5.0	4.666666666666667	2.333333333333333	4.0	5	5	5	5	6	6	2	5	5	5	6	4
user_328	2.0	3.6666666666666665	4.0	2.6666666666666665	3.6666666666666665	4	3	4	5	4	3	4	5	4	4	3	4
user_294	1.6666666666666667	5.0	4.666666666666667	3.0	4.0	5	6	5	6	6	5	5	6	4	5	6	2
user_192	4.333333333333333	5.0	4.666666666666667	3.6666666666666665	3.333333333333333	5	3	5	6	6	3	4	5	3	5	4	2
user_332	3.333333333333333	4.0	3.0	3.6666666666666665	4.0	5	2	5	6	6	3	4	5	6	6	6	2
user_333	4.0	5.0	4.0	3.0	4.666666666666667	6	5	5	4	4	5	4	5	5	6	6	4
user_335	3.333333333333333	4.0	3.6666666666666665	2.333333333333333	3.6666666666666665	5	4	5	5	5	5	5	5	5	5	3	4
user_337	3.333333333333333	3.333333333333333	4.666666666666667	2.0	3.6666666666666665	2	1	6	3	6	6	5	5	2	3	6	2
user_339	1.3333333333333333	2.0	4.666666666666667	4.0	4.333333333333333	3	1	2	5	5	2	5	1	1	6	4	4
user_341	4.333333333333333	4.0	2.0	1.3333333333333333	3.333333333333333	3	1	5	6	4	5	3	2	3	3	4	1
user_343	2.333333333333333	4.666666666666667	4.666666666666667	3.333333333333333	3.333333333333333	5	5	6	6	5	3	3	1	6	6	4	3
user_345	4.333333333333333	4.0	4.333333333333333	2.0	3.333333333333333	4	4	5	5	6	6	6	6	6	6	4	2
user_347	2.6666666666666665	4.0	5.0	3.333333333333333	3.333333333333333	2	3	5	5	5	2	2	5	5	5	4	2
user_349	3.6666666666666665	3.333333333333333	3.6666666666666665	1.0	3.333333333333333	3	3	5	6	6	4	3	4	3	5	4	2
user_350	2.333333333333333	2.6666666666666665	4.666666666666667	2.333333333333333	3.333333333333333	5	4	3	4	6	2	4	2	4	6	6	2
user_351	4.0	5.0	4.666666666666667	3.0	3.0	5	6	6	5	5	5	4	4	5	6	4	4
user_353	4.666666666666667	4.333333333333333	3.6666666666666665	2.333333333333333	3.6666666666666665	4	4	5	4	5	4	5	5	4	4	4	4
user_354	3.0	4.0	4.0	2.333333333333333	3.0	4	5	4	3	4	5	4	4	4	4	3	3
user_356	2.333333333333333	4.333333333333333	3.0	2.0	3.0	2	2	4	4	6	4	5	5	4	5	3	4
user_358	3.333333333333333	4.0	5.0	1.0	3.333333333333333	6	2	3	6	5	2	1	5	2	4	6	1
user_304	3.6666666666666665	4.0	5.0	1.0	3.333333333333333	5	6	6	4	4	5	2	6	6	6	4	2
user_360	2.333333333333333	4.666666666666667	3.333333333333333	3.0	4.0	5	6	5	6	6	4	3	4	4	6	6	2
user_362	3.0	2.0	3.333333333333333	2.6666666666666665	3.6666666666666665	2	1	2	6	5	3	2	2	2	2	4	2
user_364	3.333333333333333	4.0	4.0	2.0	3.333333333333333	4	3	3	3	3	3	3	3	4	3	4	4
user_366	1.6666666666666667	4.666666666666667	4.0	4.333333333333333	3.6666666666666665	1	1	6	5	5	3	6	4	4	5	4	3
user_368	3.6666666666666665	4.666666666666667	4.666666666666667	3.0	3.6666666666666665	3	5	6	6	6	6	6	6	6	6	6	2
user_369	4.0	4.0	4.333333333333333	2.0	3.6666666666666665	6	4	5	6	5	6	5	5	6	6	6	2
user_370	3.0	4.666666666666667	5.0	2.6666666666666665	2.0	5	6	6	4	5	4	5	6	4	5	6	6
user_371	3.0	5.0	4.0	4.0	3.333333333333333	1	1	6	6	6	5	4	6	6	6	6	6
user_372	3.6666666666666665	3.6666666666666665	3.6666666666666665	2.333333333333333	2.6666666666666665	6	4	5	5	5	3	2	2	4	5	4	2
user_373	1.6666666666666667	2.6666666666666665	3.6666666666666665	3.6666666666666665	2.6666666666666665	5	5	4	6	4	4	3	3	5	6	6	2
user_375	3.6666666666666665	4.0	4.0	2.6666666666666665	3.333333333333333	5	4	5	5	5	5	5	5	4	5	3	3
user_376	3.0	3.6666666666666665	3.0	1.6666666666666667	3.0	4	4	5	5	5	4	5	4	4	4	4	3
user_377	3.0	3.0	3.0	3.0	3.0	3	4	3	4	3	4	3	4	3	4	2	3
user_379	4.0	2.6666666666666665	5.0	3.6666666666666665	3.0	6	6	3	4	6	2	6	6	6	6	6	2
user_381	4.0	5.0	5.0	3.333333333333333	3.333333333333333	6	5	6	6	6	5	4	6	6	6	6	2
user_384	4.666666666666667	5.0	4.0	1.3333333333333333	3.0	4	4	6	6	5	3	2	6	4	4	6	2
user_386	4.0	4.666666666666667	5.0	2.0	3.333333333333333	6	5	6	4	5	5	2	6	6	6	4	6
user_388	3.0	5.0	4.666666666666667	2.333333333333333	3.333333333333333	4	4	2	5	6	2	2	2	2	6	6	1
user_389	3.333333333333333	4.0	3.6666666666666665	2.6666666666666665	3.6666666666666665	4	3	4	5	4	3	4	5	4	5	4	2
user_390	2.6666666666666665	3.6666666666666665	3.0	1.3333333333333333	2.6666666666666665	3	2	3	1	4	3	2	2	2	5	4	2
user_392	3.0	4.666666666666667	5.0	3.0	3.6666666666666665	5	2	6	6	6	4	1	6	4	6	6	1
user_394	4.666666666666667	4.666666666666667	5.0	1.6666666666666667	3.333333333333333	4	5	4	5	5	3	3	6	5	5	4	4
user_402	2.6666666666666665	4.666666666666667	4.666666666666667	2.0	3.333333333333333	5	3	5	5	5	5	6	5	5	5	4	3
user_403	3.6666666666666665	5.0	4.666666666666667	1.3333333333333333	4.0	5	5	6	6	6	6	6	5	5	6	4	2
user_404	3.6666666666666665	4.0	3.0	3.333333333333333	3.333333333333333	6	6	6	6	6	4	4	4	4	4	3	4
user_407	5.0	4.0	4.666666666666667	2.0	3.333333333333333	5	5	5	6	6	4	2	5	6	5	4	2
user_409	3.6666666666666665	5.0	4.666666666666667	3.0	3.6666666666666665	4	4	5	5	6	4	3	5	5	4	4	3
user_411	5.0	5.0	5.0	1.6666666666666667	3.333333333333333	5	5	6	6	6	6	6	6	5	6	6	3
user_190	3.6666666666666665	4.666666666666667	4.0	3.0	2.6666666666666665	5	3	4	5	2	6	2	3	2	5	4	1
user_413	4.0	5.0	5.0	1.6666666666666667	3.0	5	4	6	6	6	4	1	5	6	6	4	3
user_415	3.0	3.333333333333333	5.0	1.6666666666666667	4.0	5	4	4	6	6	5	5	6	5	6	4	4
user_417	4.0	4.333333333333333	4.666666666666667	3.0	3.0	5	4	5	6	5	4	4	5	5	5	4	3
user_419	3.333333333333333	5.0	5.0	3.333333333333333	3.0	5	6	6	6	4	6	6	6	3	6	6	3
user_420	4.0	4.0	3.333333333333333	2.6666666666666665	3.6666666666666665	5	5	5	5	5	5	5	6	6	6	6	3
user_149	3.6666666666666665	3.6666666666666665	3.6666666666666665	3.6666666666666665	3.6666666666666665	3	4	4	3	3	4	5	4	3	4	3	4
user_423	4.0	3.6666666666666665	3.6666666666666665	2.333333333333333	2.6666666666666665	4	4	4	3	4	4	6	6	6	6	6	6
user_92	4.333333333333333	4.666666666666667	4.0	1.3333333333333333	2.6666666666666665	5	5	4	5	3	5	3	5	5	5	4	4
user_425	5.0	5.0	5.0	2.6666666666666665	4.666666666666667	6	6	6	6	6	5	4	5	5	6	6	2
user_426	4.666666666666667	5.0	3.333333333333333	1.3333333333333333	3.0	5	5	5	5	3	4	4	3	5	6	4	4
user_427	4.333333333333333	4.666666666666667	4.333333333333333	2.0	3.333333333333333	5	5	5	6	5	4	2	4	4	5	6	2
user_429	4.0	4.666666666666667	3.333333333333333	1.3333333333333333	3.6666666666666665	3	5	5	6	6	6	3	2	4	5	6	1
user_431	3.6666666666666665	4.0	3.0	4.0	3.6666666666666665	3	3	4	5	4	5	4	4	4	5	4	3
user_433	2.0	4.0	4.0	2.6666666666666665	3.333333333333333	3	3	3	5	6	5	2	3	3	3	4	2
user_435	3.333333333333333	4.666666666666667	4.0	4.0	3.6666666666666665	6	2	6	4	6	3	4	5	6	6	4	2
user_437	1.6666666666666667	3.6666666666666665	3.333333333333333	2.6666666666666665	3.0	2	1	5	5	5	2	2	3	2	4	4	1
user_439	2.333333333333333	4.666666666666667	4.0	2.333333333333333	3.0	5	4	4	5	5	3	2	2	4	5	4	4
user_441	2.6666666666666665	4.0	3.333333333333333	3.333333333333333	3.333333333333333	5	4	6	6	6	3	4	4	4	6	4	2
user_443	3.0	4.666666666666667	2.6666666666666665	1.3333333333333333	4.0	4	3	5	6	3	4	2	3	6	5	4	2
user_445	3.6666666666666665	4.666666666666667	4.333333333333333	2.0	2.6666666666666665	5	4	4	5	4	6	2	4	4	4	6	6
user_447	3.0	4.666666666666667	4.666666666666667	1.0	3.6666666666666665	6	6	6	6	6	6	6	6	6	6	6	6
user_449	3.6666666666666665	4.333333333333333	4.0	3.6666666666666665	3.333333333333333	4	4	4	5	5	4	5	4	4	5	4	3
user_451	5.0	5.0	5.0	1.0	4.0	6	6	6	4	6	6	4	6	6	6	6	2
user_453	4.0	4.333333333333333	3.6666666666666665	2.333333333333333	3.6666666666666665	1	1	6	2	6	5	6	6	6	6	6	3
user_454	4.0	4.0	4.0	2.6666666666666665	4.333333333333333	5	4	3	5	6	6	1	4	5	4	4	3
user_283	2.0	4.333333333333333	3.6666666666666665	2.0	3.6666666666666665	3	2	5	6	6	3	4	1	1	4	4	2
user_456	3.0	4.0	4.0	4.333333333333333	4.0	5	5	5	6	6	4	5	6	6	6	4	1
user_458	5.0	5.0	5.0	3.0	3.6666666666666665	5	4	6	6	4	5	5	4	5	5	6	3
user_460	3.333333333333333	4.0	4.0	4.0	3.333333333333333	5	5	5	6	6	2	5	4	5	6	4	4
user_463	3.6666666666666665	4.0	3.6666666666666665	2.333333333333333	3.333333333333333	5	3	5	6	6	5	5	6	6	6	6	2
user_465	2.6666666666666665	3.0	4.666666666666667	1.6666666666666667	2.6666666666666665	5	5	6	5	4	4	5	4	5	5	4	2
user_467	4.333333333333333	4.666666666666667	3.333333333333333	3.333333333333333	4.666666666666667	4	4	5	5	5	3	3	3	4	6	6	2
user_135	3.0	5.0	4.0	2.333333333333333	4.0	1	1	6	6	6	6	6	6	6	6	6	6
user_470	4.0	4.666666666666667	5.0	3.6666666666666665	3.333333333333333	3	5	6	5	6	6	6	6	6	6	3	4
user_472	2.6666666666666665	4.0	3.6666666666666665	2.0	3.333333333333333	5	5	5	6	5	2	1	4	4	5	4	2
user_474	4.0	4.333333333333333	3.333333333333333	3.333333333333333	3.6666666666666665	4	5	5	3	5	1	5	5	5	5	4	2
user_476	3.333333333333333	4.0	4.666666666666667	2.6666666666666665	3.6666666666666665	6	5	6	5	6	3	5	6	6	6	6	4
user_478	3.0	3.0	3.0	3.0	3.0	4	4	4	4	4	4	4	4	4	4	4	4
user_480	3.0	3.0	2.6666666666666665	3.333333333333333	3.6666666666666665	3	3	4	4	5	4	4	5	4	4	2	3
user_482	3.0	4.0	3.333333333333333	3.333333333333333	3.333333333333333	2	3	5	5	5	5	4	5	5	3	4	4
user_487	2.6666666666666665	4.666666666666667	5.0	2.0	3.333333333333333	6	4	5	5	5	3	3	3	5	6	6	2
user_489	3.0	3.333333333333333	2.6666666666666665	3.0	3.333333333333333	5	4	4	3	4	4	5	4	3	4	4	3
user_492	3.0	3.6666666666666665	3.0	3.6666666666666665	3.6666666666666665	4	2	3	5	6	5	3	2	4	5	4	4
user_494	3.333333333333333	4.666666666666667	4.333333333333333	2.6666666666666665	4.0	3	2	4	5	6	3	1	5	4	4	4	3
user_496	1.0	4.0	4.0	4.0	4.0	1	1	6	5	6	6	5	6	6	5	6	2
user_498	3.6666666666666665	3.6666666666666665	3.6666666666666665	4.0	3.0	4	5	4	3	5	5	4	4	5	4	6	4
user_499	3.6666666666666665	4.0	5.0	4.333333333333333	3.0	6	4	5	5	1	3	2	6	5	5	3	3
user_501	4.333333333333333	4.333333333333333	2.6666666666666665	3.0	4.0	2	3	6	5	4	5	4	2	3	3	3	4
user_503	4.333333333333333	4.0	4.333333333333333	3.333333333333333	3.0	1	4	5	5	5	5	5	5	1	6	4	4
user_121	4.666666666666667	5.0	3.0	3.333333333333333	3.6666666666666665	6	5	6	6	6	6	2	5	4	6	6	2
user_505	3.333333333333333	2.6666666666666665	4.333333333333333	1.6666666666666667	3.333333333333333	3	1	3	2	6	1	5	5	4	6	4	4
user_507	2.6666666666666665	3.333333333333333	3.6666666666666665	3.0	3.0	4	4	4	5	5	4	4	5	5	5	4	3
user_509	2.6666666666666665	4.333333333333333	4.0	4.0	3.333333333333333	4	3	6	6	5	3	2	3	3	5	4	2
user_510	1.0	4.333333333333333	2.333333333333333	3.6666666666666665	5.0	5	2	6	6	6	1	4	4	6	6	6	1
user_512	3.6666666666666665	4.666666666666667	4.666666666666667	2.0	3.0	6	4	5	5	6	6	6	6	6	6	6	3
user_514	3.333333333333333	5.0	4.333333333333333	4.666666666666667	3.333333333333333	4	5	6	6	6	3	1	3	5	6	6	3
user_491	3.333333333333333	5.0	3.6666666666666665	1.6666666666666667	3.6666666666666665	6	4	6	6	2	6	3	6	6	6	6	3
user_517	4.0	4.333333333333333	5.0	2.333333333333333	3.333333333333333	4	5	4	4	5	5	4	5	5	5	4	2
user_519	3.0	4.333333333333333	3.333333333333333	2.333333333333333	2.6666666666666665	5	5	5	5	3	2	6	4	5	6	4	2
user_521	4.666666666666667	5.0	5.0	2.0	3.6666666666666665	4	5	6	6	4	6	3	3	4	6	6	3
user_522	4.666666666666667	4.0	3.333333333333333	1.6666666666666667	2.6666666666666665	5	4	4	5	5	4	4	3	4	5	4	3
user_525	2.6666666666666665	2.6666666666666665	4.666666666666667	1.0	2.6666666666666665	5	2	4	6	5	3	1	2	3	6	6	1
user_526	2.0	4.666666666666667	2.6666666666666665	4.333333333333333	3.333333333333333	1	1	5	5	5	5	4	4	5	3	4	2
user_528	4.0	4.333333333333333	3.333333333333333	1.0	3.6666666666666665	5	4	6	6	6	6	6	4	5	6	6	3
user_529	4.0	4.333333333333333	4.0	3.333333333333333	4.0	5	6	4	5	5	6	5	4	6	5	4	6
user_531	3.6666666666666665	5.0	5.0	1.6666666666666667	4.0	5	4	5	3	5	4	2	2	3	6	4	3
user_533	3.333333333333333	4.333333333333333	4.666666666666667	2.6666666666666665	3.0	5	4	4	6	3	2	2	2	4	5	4	2
user_536	3.333333333333333	4.0	3.6666666666666665	2.6666666666666665	3.333333333333333	3	3	4	5	5	3	2	4	3	3	6	2
user_298	4.333333333333333	4.333333333333333	4.666666666666667	1.0	3.0	3	4	6	5	6	3	2	4	4	4	6	2
user_542	1.6666666666666667	4.333333333333333	3.6666666666666665	3.6666666666666665	2.6666666666666665	6	6	5	3	5	3	2	4	5	5	4	2
user_98	2.0	3.6666666666666665	4.0	2.333333333333333	3.0	4	4	5	5	4	5	2	3	4	4	4	2
user_543	4.333333333333333	4.666666666666667	5.0	2.6666666666666665	3.333333333333333	5	6	6	6	6	6	5	5	6	6	4	2
user_544	2.333333333333333	4.0	4.666666666666667	2.0	3.333333333333333	4	4	5	6	6	4	6	4	3	6	4	1
user_546	5.0	4.666666666666667	4.666666666666667	1.6666666666666667	4.0	6	6	6	6	6	6	6	6	6	6	6	6
user_547	3.0	5.0	4.0	2.333333333333333	3.333333333333333	5	5	6	5	5	4	2	5	4	6	4	4
user_548	4.0	5.0	4.0	2.0	3.333333333333333	5	5	6	5	5	5	4	4	5	4	4	3
user_550	4.666666666666667	4.333333333333333	3.0	2.333333333333333	3.6666666666666665	5	5	5	6	2	4	4	4	4	4	4	4
user_551	2.0	4.333333333333333	3.0	3.333333333333333	4.333333333333333	1	2	3	4	5	6	5	4	3	1	1	3
user_552	3.0	4.666666666666667	4.333333333333333	2.333333333333333	3.6666666666666665	5	4	6	6	6	3	5	4	4	5	4	3
user_554	2.6666666666666665	3.0	4.0	1.3333333333333333	3.333333333333333	4	4	3	3	5	5	2	4	2	5	4	2
user_549	4.0	3.6666666666666665	4.0	2.0	3.333333333333333	5	4	4	4	5	5	4	3	4	4	4	3
user_557	3.0	3.6666666666666665	4.0	3.333333333333333	3.333333333333333	4	5	6	5	4	4	3	6	3	4	3	4
user_558	3.0	4.0	4.0	2.6666666666666665	3.0	5	5	5	4	4	4	4	5	5	5	4	4
user_559	3.333333333333333	4.333333333333333	4.666666666666667	2.0	2.6666666666666665	5	3	6	6	6	6	4	4	6	6	6	3
user_561	4.0	4.0	2.333333333333333	1.6666666666666667	3.0	3	2	4	5	6	4	3	4	5	4	4	3
user_563	3.6666666666666665	4.0	4.333333333333333	1.6666666666666667	3.333333333333333	5	5	5	6	5	5	5	5	5	5	4	4
user_566	2.0	4.666666666666667	4.333333333333333	2.6666666666666665	3.0	5	5	5	5	5	5	2	2	4	4	4	4
user_564	3.333333333333333	4.666666666666667	4.0	3.0	3.6666666666666665	3	3	6	6	5	5	5	4	4	4	4	3
user_568	5.0	5.0	4.666666666666667	2.333333333333333	3.333333333333333	5	4	6	6	5	4	2	5	5	5	6	4
user_570	4.333333333333333	5.0	4.333333333333333	1.6666666666666667	2.6666666666666665	4	3	6	3	6	6	2	4	6	5	4	6
user_562	2.6666666666666665	3.333333333333333	4.0	3.0	3.333333333333333	4	4	4	4	6	4	4	4	4	6	4	3
user_573	2.0	4.333333333333333	4.333333333333333	2.6666666666666665	3.6666666666666665	6	6	5	4	5	2	6	4	4	5	6	4
user_575	2.6666666666666665	4.0	3.6666666666666665	3.0	2.6666666666666665	5	4	4	5	4	5	5	5	4	5	4	3
user_577	3.333333333333333	5.0	4.666666666666667	2.6666666666666665	3.6666666666666665	5	4	6	6	6	5	2	5	5	6	4	2
user_579	3.0	4.666666666666667	4.0	1.0	3.333333333333333	5	3	5	6	4	2	3	2	4	6	6	1
user_582	4.333333333333333	3.6666666666666665	3.0	2.6666666666666665	3.0	4	5	3	6	5	4	2	4	4	5	4	4
user_583	3.333333333333333	5.0	5.0	1.6666666666666667	3.6666666666666665	5	5	5	6	5	4	3	5	4	6	4	3
user_586	2.6666666666666665	4.666666666666667	3.333333333333333	3.6666666666666665	4.333333333333333	5	5	6	5	6	5	6	5	6	6	3	4
user_588	4.666666666666667	5.0	5.0	1.0	3.6666666666666665	3	6	6	6	4	4	3	6	5	6	6	2
user_590	3.6666666666666665	2.333333333333333	3.6666666666666665	2.333333333333333	3.6666666666666665	4	4	3	3	5	5	4	2	2	3	4	2
user_592	4.0	4.333333333333333	5.0	1.0	4.333333333333333	6	4	5	6	6	5	4	3	6	6	4	2
user_48	3.0	4.0	4.333333333333333	2.0	3.6666666666666665	5	5	5	5	5	4	4	5	5	5	4	3
user_595	3.0	3.0	2.0	3.333333333333333	2.6666666666666665	3	6	6	3	5	4	1	6	6	4	6	6
user_597	3.0	4.333333333333333	3.333333333333333	1.6666666666666667	3.333333333333333	5	4	6	6	3	4	4	4	5	6	4	3
user_599	3.6666666666666665	4.333333333333333	5.0	1.3333333333333333	2.333333333333333	4	6	6	6	6	4	1	1	6	5	6	3
user_600	2.333333333333333	4.0	3.333333333333333	3.333333333333333	2.6666666666666665	5	3	5	5	5	3	4	5	6	4	6	2
user_602	3.6666666666666665	5.0	4.333333333333333	1.0	2.6666666666666665	5	5	6	5	5	4	3	3	3	5	4	2
user_143	3.6666666666666665	4.0	3.0	2.0	3.6666666666666665	2	2	4	6	5	4	4	3	2	5	3	2
user_605	2.333333333333333	4.333333333333333	2.6666666666666665	4.333333333333333	3.6666666666666665	1	2	3	6	6	6	6	1	1	4	4	3
user_607	4.333333333333333	4.0	4.666666666666667	1.3333333333333333	3.0	3	2	5	5	5	5	2	3	3	5	4	2
user_475	4.333333333333333	4.666666666666667	4.0	1.6666666666666667	4.666666666666667	3	6	6	6	4	5	6	6	5	6	6	6
user_609	2.333333333333333	4.0	5.0	2.0	3.6666666666666665	6	1	6	6	5	1	5	2	1	6	6	1
user_611	2.0	3.0	3.0	2.6666666666666665	3.0	6	4	4	5	4	3	2	3	4	5	4	2
user_612	4.333333333333333	5.0	5.0	4.333333333333333	4.0	3	5	6	5	6	6	6	6	6	6	4	6
user_614	3.333333333333333	4.333333333333333	4.333333333333333	1.0	3.0	5	3	4	5	6	3	2	2	2	3	6	2
user_616	3.0	3.333333333333333	4.333333333333333	3.0	3.333333333333333	4	3	5	4	4	5	4	4	5	4	3	4
user_617	4.666666666666667	4.0	4.666666666666667	2.0	3.333333333333333	5	5	5	5	5	5	3	5	5	5	4	2
user_619	4.666666666666667	4.666666666666667	2.6666666666666665	2.6666666666666665	3.6666666666666665	3	4	5	6	5	5	2	5	5	4	4	2
user_621	5.0	5.0	4.666666666666667	3.0	4.0	6	5	6	5	4	5	3	6	5	5	4	3
user_623	3.0	3.6666666666666665	4.0	3.6666666666666665	3.6666666666666665	3	5	4	5	5	5	5	5	5	5	4	2
user_626	4.0	3.6666666666666665	4.0	2.333333333333333	3.333333333333333	5	4	5	5	3	4	4	5	3	5	6	2
user_628	4.333333333333333	4.666666666666667	4.666666666666667	2.6666666666666665	2.6666666666666665	5	5	6	6	6	6	6	6	6	6	6	2
user_630	3.6666666666666665	4.666666666666667	5.0	3.333333333333333	2.6666666666666665	5	5	6	6	6	6	6	6	6	6	4	4
user_632	4.333333333333333	5.0	4.333333333333333	2.6666666666666665	3.6666666666666665	5	4	6	6	5	5	5	6	6	6	4	4
user_508	4.0	3.6666666666666665	4.0	2.0	3.333333333333333	4	4	5	5	6	5	2	4	3	6	4	3
user_6	4.0	5.0	5.0	1.0	3.333333333333333	5	4	5	6	6	5	5	6	5	6	6	2
user_635	4.0	4.666666666666667	4.333333333333333	3.333333333333333	3.333333333333333	4	4	5	4	6	6	6	4	5	5	6	3
user_636	3.0	3.6666666666666665	4.666666666666667	3.0	3.333333333333333	3	4	5	3	6	6	6	6	6	2	6	6
user_638	3.6666666666666665	4.333333333333333	4.666666666666667	2.333333333333333	3.333333333333333	5	5	5	4	5	3	4	6	6	6	4	3
user_641	3.333333333333333	3.333333333333333	4.0	2.0	3.0	6	4	6	6	6	4	1	6	6	6	4	6
user_642	4.666666666666667	5.0	3.333333333333333	2.333333333333333	3.333333333333333	2	2	5	6	4	5	5	5	3	5	4	2
user_643	3.6666666666666665	4.0	4.0	2.0	3.6666666666666665	2	2	5	5	5	3	3	5	5	5	6	2
user_645	3.333333333333333	3.333333333333333	2.0	2.333333333333333	2.0	3	5	3	6	2	4	1	5	5	5	4	4
user_646	3.6666666666666665	5.0	3.6666666666666665	1.0	3.333333333333333	5	5	5	5	4	6	1	4	5	5	6	2
user_647	4.333333333333333	4.666666666666667	4.0	1.6666666666666667	3.0	4	4	6	6	5	4	2	5	5	5	6	3
user_648	5.0	5.0	4.666666666666667	1.0	3.6666666666666665	5	5	6	6	6	6	6	6	6	6	6	2
user_650	3.6666666666666665	4.0	4.0	2.0	4.0	5	4	6	4	3	5	1	4	5	6	4	6
user_653	3.333333333333333	2.333333333333333	1.6666666666666667	4.666666666666667	3.6666666666666665	6	2	5	2	6	5	6	6	6	3	6	6
user_67	1.3333333333333333	4.666666666666667	4.0	3.333333333333333	5.0	1	1	5	4	6	5	6	3	6	6	6	4
user_656	3.6666666666666665	4.333333333333333	5.0	3.0	4.333333333333333	6	6	3	6	6	2	2	4	5	6	4	3
user_658	3.333333333333333	4.666666666666667	3.333333333333333	1.0	2.0	2	4	4	4	6	3	4	3	3	5	6	2
user_659	4.333333333333333	5.0	3.333333333333333	3.6666666666666665	3.6666666666666665	5	3	6	4	6	6	6	6	5	6	6	2
user_661	4.333333333333333	5.0	5.0	1.0	3.6666666666666665	6	6	6	6	6	5	1	1	1	6	6	2
user_662	3.333333333333333	4.333333333333333	4.0	3.6666666666666665	4.0	5	6	5	4	5	6	5	4	5	6	4	4
user_664	4.0	4.0	3.6666666666666665	3.6666666666666665	4.0	5	6	5	5	5	6	5	5	6	5	4	3
user_666	3.6666666666666665	4.666666666666667	3.333333333333333	2.6666666666666665	3.333333333333333	3	4	6	6	5	4	4	5	6	4	4	1
user_668	4.0	4.666666666666667	4.333333333333333	1.6666666666666667	2.6666666666666665	6	3	6	6	4	4	4	5	5	6	4	2
user_670	1.3333333333333333	3.6666666666666665	4.333333333333333	3.0	3.0	6	6	5	5	4	3	5	2	5	4	4	3
user_672	4.333333333333333	5.0	4.666666666666667	1.3333333333333333	3.333333333333333	6	5	5	5	6	6	6	4	5	5	4	2
user_673	4.0	4.666666666666667	3.333333333333333	3.333333333333333	4.0	5	6	5	5	6	5	6	4	5	6	4	6
user_675	4.0	4.0	3.333333333333333	2.0	4.0	5	5	5	5	5	5	5	5	5	5	4	4
user_677	3.0	3.0	2.6666666666666665	2.6666666666666665	3.333333333333333	4	5	3	4	4	3	3	4	4	4	3	4
user_679	3.0	5.0	5.0	1.0	2.333333333333333	6	4	6	6	3	2	2	2	2	6	6	2
user_682	4.333333333333333	4.333333333333333	3.6666666666666665	2.0	3.333333333333333	5	5	6	6	5	5	1	5	4	5	4	6
user_147	3.0	4.333333333333333	2.333333333333333	3.0	3.6666666666666665	3	1	5	6	5	4	4	2	3	4	4	2
user_685	4.333333333333333	4.0	3.333333333333333	2.0	4.0	5	5	5	5	5	6	6	6	5	5	4	4
user_686	4.0	4.0	4.0	2.0	2.6666666666666665	5	5	5	5	5	5	5	5	5	5	4	2
user_688	4.333333333333333	4.333333333333333	4.333333333333333	1.6666666666666667	3.6666666666666665	5	5	5	6	6	4	4	5	6	6	6	2
user_690	3.6666666666666665	4.666666666666667	5.0	2.333333333333333	3.333333333333333	5	5	5	5	5	5	5	5	5	5	4	2
user_693	4.333333333333333	4.666666666666667	4.333333333333333	3.333333333333333	3.6666666666666665	4	4	6	6	6	6	6	6	6	6	4	3
user_695	5.0	5.0	5.0	1.0	3.6666666666666665	4	4	5	6	6	5	5	5	4	6	6	1
user_698	4.0	5.0	5.0	1.3333333333333333	3.0	5	5	5	6	6	5	5	5	5	5	4	4
user_700	4.333333333333333	4.666666666666667	4.0	1.6666666666666667	3.6666666666666665	6	3	5	6	6	5	4	3	2	5	4	2
user_702	4.666666666666667	4.666666666666667	4.333333333333333	3.333333333333333	3.0	4	2	6	6	5	3	1	4	4	6	4	4
user_704	2.6666666666666665	5.0	4.666666666666667	1.3333333333333333	3.0	4	2	6	6	6	6	5	3	6	6	6	4
user_96	4.0	4.0	4.0	2.6666666666666665	3.333333333333333	3	3	5	5	4	5	5	5	5	5	4	2
user_708	3.6666666666666665	4.666666666666667	4.666666666666667	3.333333333333333	4.0	6	5	6	6	5	5	3	5	5	5	6	3
user_711	4.0	4.0	4.0	2.6666666666666665	3.333333333333333	3	3	3	3	3	3	3	3	3	4	4	3
user_712	2.6666666666666665	3.333333333333333	3.0	2.6666666666666665	3.333333333333333	3	4	5	5	5	5	3	4	5	4	4	3
user_714	3.333333333333333	3.6666666666666665	5.0	1.0	2.6666666666666665	6	6	5	5	6	5	3	4	4	6	4	2
user_717	3.0	3.0	3.0	3.0	3.0	4	4	4	4	4	4	4	4	4	4	3	3
user_719	5.0	4.666666666666667	3.6666666666666665	2.0	3.6666666666666665	5	2	6	5	5	4	4	2	3	5	4	3
user_721	3.0	4.333333333333333	4.333333333333333	2.333333333333333	3.0	6	4	4	5	5	3	4	5	5	5	6	1
user_723	3.0	3.333333333333333	4.0	3.6666666666666665	3.333333333333333	2	4	4	1	5	4	6	6	4	6	6	1
user_725	4.0	5.0	3.6666666666666665	2.0	3.6666666666666665	6	6	6	6	6	6	6	6	5	6	4	3
user_729	4.0	4.333333333333333	4.333333333333333	3.0	4.0	4	4	6	6	6	4	4	6	6	5	6	2
user_731	4.0	4.666666666666667	3.333333333333333	3.0	3.6666666666666665	6	4	6	6	6	6	4	4	6	6	4	6
user_733	4.333333333333333	5.0	4.0	1.6666666666666667	4.0	3	4	6	6	6	6	6	6	6	5	4	2
user_735	5.0	4.0	4.666666666666667	1.0	3.0	6	2	4	6	6	6	6	5	5	5	3	2
user_737	2.6666666666666665	3.333333333333333	2.333333333333333	4.0	2.333333333333333	4	2	2	3	3	1	5	4	4	3	2	3
user_739	4.0	5.0	4.333333333333333	1.6666666666666667	3.6666666666666665	5	5	6	6	5	6	2	2	5	6	6	6
user_740	4.666666666666667	4.333333333333333	5.0	3.333333333333333	2.333333333333333	6	5	5	5	6	1	3	4	6	6	6	1
user_741	3.6666666666666665	5.0	2.333333333333333	1.0	2.6666666666666665	2	4	6	6	5	4	2	3	4	4	6	3
user_743	3.333333333333333	4.666666666666667	5.0	3.0	3.333333333333333	3	4	5	5	6	4	3	6	6	5	4	3
user_745	4.0	4.666666666666667	3.6666666666666665	3.333333333333333	3.333333333333333	4	3	4	4	3	4	3	4	4	4	4	4
user_747	3.6666666666666665	4.666666666666667	3.333333333333333	2.333333333333333	3.0	5	6	5	6	6	4	5	6	5	5	4	3
user_749	2.6666666666666665	4.333333333333333	1.6666666666666667	2.333333333333333	3.333333333333333	2	1	5	6	6	5	5	5	6	4	1	4
user_751	3.0	3.6666666666666665	3.333333333333333	2.6666666666666665	4.0	5	5	5	6	6	3	2	4	2	4	4	3
user_752	2.333333333333333	4.666666666666667	4.333333333333333	3.333333333333333	4.0	3	3	6	6	6	4	3	4	5	6	6	2
user_754	5.0	5.0	3.6666666666666665	3.0	5.0	1	3	6	6	5	5	5	6	6	6	4	3
user_755	5.0	5.0	5.0	1.0	3.6666666666666665	4	2	6	5	6	6	6	6	4	4	4	4
user_757	4.666666666666667	4.0	4.333333333333333	3.0	3.333333333333333	2	3	3	3	4	3	3	5	4	4	3	2
user_759	3.6666666666666665	4.333333333333333	3.333333333333333	1.6666666666666667	3.6666666666666665	2	2	5	4	6	6	2	4	5	4	4	2
user_309	2.0	3.6666666666666665	3.333333333333333	3.333333333333333	3.0	2	2	4	3	4	2	2	3	4	2	4	3
user_762	3.0	4.666666666666667	4.666666666666667	4.333333333333333	3.333333333333333	1	1	5	6	6	4	2	1	3	6	3	3
user_764	3.333333333333333	4.666666666666667	4.333333333333333	2.0	3.0	4	3	6	6	6	2	3	4	2	6	4	2
user_767	3.0	4.333333333333333	4.666666666666667	4.666666666666667	3.6666666666666665	4	5	6	6	6	4	4	4	5	6	6	2
user_768	2.0	4.0	3.6666666666666665	2.333333333333333	3.0	3	3	3	3	3	3	3	4	4	3	3	3
user_770	5.0	4.333333333333333	3.6666666666666665	5.0	5.0	6	6	6	6	6	6	5	5	5	5	4	4
user_772	3.333333333333333	4.0	3.333333333333333	1.0	1.6666666666666667	5	5	5	6	5	5	3	6	5	5	6	6
user_774	4.0	4.0	4.0	2.0	3.333333333333333	5	4	4	4	5	2	4	5	5	5	4	2
user_776	4.333333333333333	4.666666666666667	4.0	2.6666666666666665	3.0	6	4	5	5	5	5	3	6	5	6	6	2
user_778	1.3333333333333333	3.333333333333333	2.6666666666666665	3.333333333333333	4.0	3	4	5	3	3	5	5	3	3	5	6	6
user_780	3.6666666666666665	5.0	4.666666666666667	2.0	4.0	5	4	3	3	3	3	5	4	4	3	4	3
user_782	3.0	3.6666666666666665	3.0	2.6666666666666665	5.0	5	4	6	6	6	3	5	4	6	6	4	4
user_783	4.666666666666667	4.666666666666667	5.0	3.333333333333333	3.0	5	4	6	6	6	4	4	6	6	6	6	1
user_785	4.333333333333333	5.0	4.666666666666667	2.0	3.6666666666666665	4	6	6	4	5	4	5	5	5	6	4	3
user_786	3.0	3.333333333333333	4.0	3.333333333333333	3.6666666666666665	5	3	4	5	6	4	5	4	3	5	4	3
user_788	2.6666666666666665	4.666666666666667	4.0	3.6666666666666665	4.333333333333333	6	4	6	6	6	5	6	6	6	6	6	4
user_555	4.333333333333333	4.0	3.0	2.6666666666666665	3.0	1	4	4	5	5	5	6	6	6	5	4	6
user_791	4.333333333333333	3.6666666666666665	4.0	2.6666666666666665	3.333333333333333	5	4	5	4	5	5	2	5	4	5	4	2
user_793	3.0	3.6666666666666665	4.333333333333333	3.0	3.0	4	2	4	5	5	3	3	3	2	5	4	4
user_795	2.333333333333333	4.0	4.0	2.6666666666666665	2.6666666666666665	4	5	5	5	5	4	6	5	5	5	6	3
user_797	4.666666666666667	4.0	4.0	1.0	2.6666666666666665	6	5	5	6	5	3	3	4	4	6	6	1
user_799	5.0	5.0	4.666666666666667	2.0	3.333333333333333	5	5	6	6	6	6	4	6	6	6	6	3
user_801	1.0	1.6666666666666667	4.0	4.0	4.0	5	2	2	6	5	1	1	3	5	6	4	2
user_802	2.0	2.0	2.6666666666666665	4.333333333333333	2.6666666666666665	4	2	4	5	5	2	3	5	5	5	6	6
user_800	4.666666666666667	5.0	4.0	1.6666666666666667	3.6666666666666665	6	6	6	6	5	6	5	5	5	6	6	3
user_805	3.6666666666666665	5.0	3.333333333333333	3.333333333333333	4.0	5	5	6	5	6	6	6	6	6	6	4	4
user_807	4.333333333333333	5.0	4.666666666666667	1.6666666666666667	3.6666666666666665	6	4	6	6	6	6	4	5	4	5	6	4
user_809	4.0	5.0	4.666666666666667	1.0	3.6666666666666665	2	5	6	6	5	6	4	3	3	5	4	2
user_810	2.333333333333333	4.0	4.333333333333333	2.0	3.0	5	4	4	4	5	4	2	4	3	5	4	2
user_811	3.0	4.666666666666667	4.0	3.0	3.333333333333333	4	4	4	4	5	4	4	4	4	4	6	4
user_813	3.333333333333333	4.666666666666667	3.6666666666666665	3.6666666666666665	4.333333333333333	6	5	6	6	5	3	4	5	5	6	4	4
user_814	1.3333333333333333	3.6666666666666665	4.333333333333333	4.333333333333333	2.6666666666666665	5	3	4	6	6	4	3	3	3	5	4	3
user_815	3.333333333333333	3.333333333333333	4.333333333333333	2.333333333333333	3.0	5	3	4	5	3	2	3	5	4	6	4	3
user_817	3.0	4.333333333333333	4.0	1.6666666666666667	2.333333333333333	6	5	6	6	6	5	3	6	6	6	6	4
user_819	4.333333333333333	4.666666666666667	4.333333333333333	2.333333333333333	3.333333333333333	5	5	6	6	5	5	3	4	4	6	4	3
user_821	4.333333333333333	4.666666666666667	5.0	1.0	3.6666666666666665	5	5	3	2	6	2	3	4	5	6	4	2
user_823	4.333333333333333	4.0	4.666666666666667	2.0	3.333333333333333	5	5	5	5	6	5	5	6	6	6	6	4
user_820	4.333333333333333	4.0	4.333333333333333	2.0	3.0	4	3	4	4	5	5	3	5	5	5	4	3
user_824	4.0	4.333333333333333	3.6666666666666665	2.333333333333333	4.0	4	6	5	5	6	6	6	6	6	6	4	3
user_825	4.0	4.0	4.0	3.6666666666666665	3.6666666666666665	5	5	5	5	5	6	6	6	6	6	4	4
user_827	5.0	4.0	4.333333333333333	2.333333333333333	2.6666666666666665	5	5	5	6	6	2	1	3	5	5	4	2
user_221	3.333333333333333	3.333333333333333	3.333333333333333	2.333333333333333	3.6666666666666665	5	5	6	5	4	4	4	3	4	4	4	3
user_830	3.333333333333333	3.333333333333333	3.6666666666666665	3.333333333333333	3.333333333333333	3	2	3	5	4	2	4	2	3	5	3	4
user_832	4.666666666666667	4.666666666666667	3.6666666666666665	1.3333333333333333	3.6666666666666665	4	5	6	6	5	5	4	5	5	6	4	4
user_834	5.0	5.0	5.0	1.0	3.6666666666666665	6	6	6	6	6	6	5	1	5	6	6	4
user_835	3.333333333333333	4.0	4.333333333333333	3.333333333333333	2.0	5	5	4	4	5	4	3	3	4	5	4	2
user_837	4.666666666666667	3.6666666666666665	5.0	2.333333333333333	2.333333333333333	6	6	6	6	6	1	4	1	4	6	6	1
user_839	3.0	3.333333333333333	3.333333333333333	3.333333333333333	3.0	3	4	4	3	5	5	5	6	4	5	4	3
user_841	3.0	4.666666666666667	2.0	4.333333333333333	3.6666666666666665	6	6	6	6	5	4	3	5	6	4	6	3
user_842	4.333333333333333	4.0	4.333333333333333	1.0	3.6666666666666665	5	3	4	4	6	5	3	3	2	4	4	1
user_331	4.333333333333333	5.0	3.6666666666666665	3.0	3.333333333333333	6	5	5	5	5	6	2	4	4	6	4	3
user_843	3.6666666666666665	4.0	3.333333333333333	2.0	3.333333333333333	2	3	5	5	5	5	4	4	5	5	4	3
user_844	2.0	4.333333333333333	4.0	4.0	3.6666666666666665	6	5	5	6	6	4	6	5	6	6	4	4
user_846	2.0	4.0	2.333333333333333	3.0	3.6666666666666665	4	4	4	4	5	4	3	5	5	5	4	3
user_848	5.0	4.333333333333333	3.0	4.333333333333333	3.6666666666666665	1	5	5	5	5	6	6	6	6	5	4	4
user_850	4.333333333333333	5.0	4.0	3.333333333333333	4.333333333333333	6	6	6	6	6	6	6	4	6	6	6	3
user_851	4.333333333333333	4.0	4.333333333333333	1.6666666666666667	3.6666666666666665	5	6	4	5	6	5	4	5	6	6	4	2
user_853	3.0	4.0	2.333333333333333	3.0	3.6666666666666665	3	3	6	6	6	4	4	4	4	5	6	2
user_855	2.0	3.6666666666666665	4.0	4.333333333333333	3.333333333333333	4	5	5	6	6	3	1	4	4	6	6	1
user_15	4.0	4.666666666666667	5.0	3.333333333333333	3.6666666666666665	5	5	5	6	5	4	3	3	3	4	4	4
user_858	4.333333333333333	5.0	3.6666666666666665	2.6666666666666665	3.6666666666666665	4	6	6	6	6	4	3	3	4	6	4	3
user_860	2.0	3.333333333333333	4.333333333333333	5.0	3.0	4	6	4	6	5	4	6	3	5	6	1	6
user_804	3.0	4.333333333333333	5.0	1.6666666666666667	3.333333333333333	5	4	5	6	6	5	3	2	4	5	4	2
user_863	2.0	2.333333333333333	3.333333333333333	2.333333333333333	3.0	2	2	2	5	5	5	2	6	6	6	6	2
user_866	3.6666666666666665	3.6666666666666665	3.333333333333333	2.6666666666666665	3.333333333333333	5	4	5	4	5	5	4	5	5	5	4	3
user_868	2.0	2.0	4.0	4.0	2.6666666666666665	3	3	3	4	4	3	2	3	2	4	4	4
user_871	3.333333333333333	3.6666666666666665	3.6666666666666665	2.333333333333333	3.6666666666666665	4	4	5	3	4	5	4	4	4	4	3	4
user_872	2.6666666666666665	3.333333333333333	4.0	3.0	3.0	4	4	3	4	5	5	5	4	4	5	3	3
user_874	4.333333333333333	4.0	4.333333333333333	1.3333333333333333	3.0	4	3	5	5	6	4	2	5	5	5	4	4
user_876	4.666666666666667	5.0	3.0	1.6666666666666667	3.6666666666666665	6	6	6	5	4	6	3	5	3	4	4	6
user_878	1.6666666666666667	4.666666666666667	4.0	3.6666666666666665	3.333333333333333	6	4	6	6	6	5	2	4	4	5	4	4
user_880	5.0	5.0	5.0	1.0	3.6666666666666665	6	6	6	6	6	6	1	6	6	6	6	1
user_881	3.6666666666666665	3.6666666666666665	2.6666666666666665	3.6666666666666665	3.0	2	5	4	5	3	4	2	5	4	4	3	4
user_882	1.3333333333333333	3.333333333333333	4.0	2.0	3.0	5	2	5	5	5	2	3	4	3	5	4	2
user_884	3.333333333333333	4.333333333333333	4.0	3.6666666666666665	4.666666666666667	6	5	5	5	6	5	5	5	6	6	6	6
user_886	4.333333333333333	4.666666666666667	4.333333333333333	2.0	3.6666666666666665	1	3	5	6	6	3	6	4	3	5	6	2
user_887	4.0	4.0	4.0	2.0	3.333333333333333	5	3	5	5	5	2	2	3	3	5	4	2
user_889	1.6666666666666667	4.333333333333333	2.6666666666666665	4.0	2.0	6	5	6	5	4	5	2	1	2	5	4	3
user_890	4.0	4.0	4.0	2.0	2.6666666666666665	5	6	4	5	3	5	5	5	5	6	4	2
user_892	3.0	4.333333333333333	3.0	2.6666666666666665	3.333333333333333	4	2	5	5	6	5	3	3	2	4	4	3
user_894	2.6666666666666665	3.6666666666666665	3.333333333333333	3.0	3.6666666666666665	4	3	4	4	5	4	5	5	4	5	4	3
user_895	4.666666666666667	5.0	4.666666666666667	4.333333333333333	3.333333333333333	3	3	6	5	4	3	2	6	5	5	4	3
user_897	3.6666666666666665	2.0	3.6666666666666665	4.333333333333333	3.6666666666666665	2	2	3	2	5	4	5	5	4	5	2	4
user_898	4.666666666666667	5.0	3.6666666666666665	2.0	3.6666666666666665	5	6	6	6	6	6	4	4	5	6	4	4
user_900	4.666666666666667	4.666666666666667	4.0	2.0	3.0	5	5	5	6	4	4	5	6	4	5	4	2
user_902	1.6666666666666667	4.0	4.333333333333333	2.0	3.0	3	4	5	4	4	3	3	3	3	4	4	2
user_904	3.333333333333333	3.6666666666666665	3.0	2.6666666666666665	2.6666666666666665	3	4	6	6	5	4	4	5	4	4	4	6
user_906	4.0	2.333333333333333	4.333333333333333	3.6666666666666665	1.6666666666666667	6	6	4	3	5	2	3	5	6	5	4	4
user_907	3.0	4.333333333333333	2.6666666666666665	3.333333333333333	4.333333333333333	4	5	5	6	5	6	5	5	4	5	4	6
user_909	2.333333333333333	2.333333333333333	3.6666666666666665	1.6666666666666667	3.0	5	5	4	3	6	2	2	3	3	5	4	2
user_911	5.0	5.0	5.0	1.0	2.6666666666666665	6	5	6	6	6	3	5	5	6	6	6	1
user_784	4.0	4.333333333333333	3.333333333333333	2.6666666666666665	4.333333333333333	5	5	6	6	5	6	3	3	4	6	6	4
user_914	4.333333333333333	4.0	3.333333333333333	2.0	3.333333333333333	4	4	3	2	5	2	2	3	3	6	4	4
user_917	5.0	4.333333333333333	3.6666666666666665	2.6666666666666665	3.0	3	3	5	4	6	3	3	5	5	6	6	2
user_919	3.333333333333333	3.333333333333333	5.0	3.333333333333333	3.6666666666666665	2	1	3	6	6	4	3	4	3	5	6	2
user_918	3.0	3.333333333333333	4.333333333333333	3.0	4.0	4	5	2	5	6	1	4	2	4	5	4	2
user_922	3.6666666666666665	4.0	3.0	3.333333333333333	5.0	5	6	6	6	6	6	6	5	6	6	4	6
user_923	4.666666666666667	5.0	4.666666666666667	1.6666666666666667	3.6666666666666665	5	5	6	6	5	6	5	5	6	6	4	2
user_925	4.333333333333333	4.666666666666667	4.0	1.6666666666666667	3.6666666666666665	3	3	6	4	3	5	4	4	5	4	4	2
user_927	4.0	5.0	4.666666666666667	2.333333333333333	3.6666666666666665	6	6	6	6	6	6	6	6	6	6	6	3
user_929	2.0	4.333333333333333	3.6666666666666665	4.0	4.0	5	5	5	5	5	5	4	3	4	5	6	4
user_671	4.0	4.0	4.0	2.0	3.333333333333333	5	5	5	5	5	4	3	4	5	5	4	3
user_932	3.6666666666666665	5.0	4.666666666666667	2.6666666666666665	3.333333333333333	6	4	6	6	6	6	2	6	6	6	6	1
user_422	4.666666666666667	5.0	3.0	3.6666666666666665	3.333333333333333	4	1	5	5	6	4	6	4	6	6	2	2
user_51	2.0	4.666666666666667	4.333333333333333	2.6666666666666665	3.333333333333333	4	4	4	6	4	3	4	4	5	6	4	3
user_937	2.6666666666666665	3.6666666666666665	3.333333333333333	3.0	3.6666666666666665	3	3	4	5	5	3	3	1	1	6	6	3
user_938	4.666666666666667	5.0	5.0	1.0	4.0	6	6	6	6	4	5	2	5	4	6	6	2
user_36	5.0	4.0	4.0	3.0	3.0	1	3	6	6	6	6	4	5	4	6	4	2
user_939	4.666666666666667	4.0	4.333333333333333	2.6666666666666665	3.333333333333333	4	4	5	6	5	5	4	4	3	3	4	2
user_941	4.666666666666667	4.0	4.333333333333333	2.0	3.333333333333333	5	4	5	4	5	4	2	5	4	4	4	3
user_942	4.666666666666667	4.666666666666667	4.333333333333333	2.0	3.6666666666666665	5	5	6	4	3	5	5	5	5	5	4	3
user_943	2.6666666666666665	5.0	3.6666666666666665	3.6666666666666665	3.0	6	5	6	5	5	6	6	5	6	5	6	2
user_945	5.0	4.333333333333333	4.333333333333333	2.6666666666666665	3.6666666666666665	5	5	5	5	5	2	2	4	4	5	4	1
user_946	4.666666666666667	5.0	5.0	2.333333333333333	2.0	6	5	6	6	6	4	4	6	6	5	6	3
user_948	3.333333333333333	4.333333333333333	4.666666666666667	2.0	3.0	4	5	5	5	5	4	5	5	5	5	4	3
user_951	4.333333333333333	5.0	3.6666666666666665	4.333333333333333	5.0	6	6	6	6	6	6	6	6	6	6	6	6
user_953	2.333333333333333	4.333333333333333	2.0	2.6666666666666665	2.333333333333333	4	5	6	1	4	3	1	1	1	3	2	2
user_954	3.6666666666666665	4.666666666666667	4.333333333333333	3.6666666666666665	3.0	6	6	6	6	4	4	4	4	4	4	6	3
user_956	3.333333333333333	4.333333333333333	4.666666666666667	2.333333333333333	3.333333333333333	4	3	5	6	4	5	5	4	3	5	4	3
user_920	5.0	5.0	3.333333333333333	3.0	3.333333333333333	3	5	6	6	6	6	6	6	5	5	4	6
user_959	5.0	5.0	5.0	1.3333333333333333	3.0	6	4	5	6	4	4	4	5	5	5	6	2
user_856	3.333333333333333	3.333333333333333	4.333333333333333	2.6666666666666665	3.6666666666666665	4	3	3	5	5	2	3	4	4	5	4	2
user_962	4.333333333333333	5.0	5.0	4.333333333333333	3.6666666666666665	6	1	6	6	6	1	1	6	6	6	6	3
user_0	4.0	3.0	4.333333333333333	2.6666666666666665	2.0	2	4	4	4	4	4	4	4	5	5	4	3
user_665	4.333333333333333	5.0	4.666666666666667	2.0	3.6666666666666665	3	6	6	6	6	6	2	5	6	6	4	6
user_965	5.0	5.0	5.0	1.0	3.6666666666666665	6	6	6	6	6	5	6	6	6	6	6	1
user_967	4.666666666666667	4.333333333333333	3.333333333333333	3.0	3.6666666666666665	4	3	4	6	5	2	6	5	5	5	4	3
user_970	2.6666666666666665	3.0	3.0	2.333333333333333	3.6666666666666665	2	4	3	3	4	4	5	4	4	4	3	3
user_972	3.333333333333333	5.0	4.333333333333333	2.6666666666666665	3.6666666666666665	6	6	6	6	4	6	4	6	6	6	6	6
user_973	2.333333333333333	3.6666666666666665	4.0	3.0	3.333333333333333	6	6	4	5	5	2	3	3	4	4	4	4
user_975	4.333333333333333	3.0	5.0	2.6666666666666665	4.333333333333333	6	6	4	4	6	6	3	3	4	5	6	2
user_977	2.6666666666666665	2.6666666666666665	2.0	2.6666666666666665	3.0	4	4	3	3	3	4	4	2	3	3	4	4
user_978	4.666666666666667	4.666666666666667	3.333333333333333	4.0	3.0	4	3	6	6	6	6	4	4	5	6	4	3
user_980	3.333333333333333	4.0	3.333333333333333	3.333333333333333	4.0	5	5	5	5	4	5	5	5	5	5	4	4
user_983	1.6666666666666667	2.6666666666666665	1.3333333333333333	4.666666666666667	2.333333333333333	2	3	4	5	6	2	1	5	4	4	2	4
user_984	3.6666666666666665	3.0	5.0	1.6666666666666667	3.333333333333333	5	6	5	5	6	3	4	4	4	4	6	3
user_986	3.6666666666666665	5.0	5.0	1.0	2.0	6	6	6	6	6	4	6	1	6	6	6	1
user_257	4.666666666666667	4.333333333333333	4.0	1.0	3.333333333333333	6	6	6	6	6	6	6	6	4	6	6	2
user_989	2.0	3.6666666666666665	4.333333333333333	4.0	3.6666666666666665	3	2	3	4	6	3	4	4	4	5	4	3
user_990	4.666666666666667	4.333333333333333	5.0	1.3333333333333333	3.6666666666666665	6	4	6	6	6	5	2	6	6	6	6	1
user_992	4.333333333333333	4.333333333333333	3.6666666666666665	1.6666666666666667	3.333333333333333	3	2	4	3	6	5	3	4	3	5	4	3
user_995	3.333333333333333	4.333333333333333	3.6666666666666665	2.6666666666666665	3.333333333333333	5	5	5	5	4	4	3	4	4	5	4	3
user_997	3.333333333333333	4.0	3.6666666666666665	2.333333333333333	3.0	4	4	4	4	4	4	2	4	4	4	4	4
user_998	4.333333333333333	4.333333333333333	4.0	3.333333333333333	3.333333333333333	5	6	5	5	4	5	5	5	6	6	6	4
user_1000	5.0	5.0	5.0	1.0	3.6666666666666665	6	6	6	6	6	6	1	6	6	6	6	6
user_1002	3.0	4.333333333333333	5.0	3.333333333333333	3.333333333333333	5	5	5	5	3	2	4	4	5	5	4	4
user_1004	4.0	3.0	4.333333333333333	1.3333333333333333	2.333333333333333	5	4	4	2	5	5	4	2	1	6	4	1
user_1006	2.333333333333333	4.0	3.6666666666666665	2.0	3.333333333333333	5	5	6	6	5	5	3	5	4	5	6	6
user_1009	4.666666666666667	4.666666666666667	3.6666666666666665	2.333333333333333	3.6666666666666665	6	6	5	6	6	5	6	5	1	6	6	2
user_1012	3.6666666666666665	3.333333333333333	4.333333333333333	3.333333333333333	3.333333333333333	5	4	5	6	2	5	5	2	5	2	4	3
user_1013	3.0	3.0	2.0	2.6666666666666665	3.0	5	4	4	4	4	5	4	3	3	5	3	4
user_1014	4.333333333333333	5.0	4.666666666666667	1.6666666666666667	3.6666666666666665	5	5	6	5	5	5	3	5	5	5	4	3
user_1016	2.6666666666666665	4.333333333333333	4.666666666666667	2.333333333333333	3.6666666666666665	5	6	6	6	4	3	4	5	5	6	6	3
user_1018	5.0	2.6666666666666665	4.0	1.6666666666666667	3.6666666666666665	1	6	1	2	6	5	6	6	3	6	6	1
user_1019	3.6666666666666665	4.0	4.0	3.333333333333333	4.0	6	5	5	6	5	6	4	5	5	6	6	3
user_1020	2.6666666666666665	4.333333333333333	3.6666666666666665	2.333333333333333	4.0	4	4	4	5	5	4	2	3	4	4	4	3
user_1022	5.0	5.0	5.0	1.3333333333333333	3.6666666666666665	5	6	5	6	5	4	5	6	6	5	4	3
user_1024	3.333333333333333	5.0	5.0	1.6666666666666667	3.6666666666666665	5	5	6	6	4	5	3	4	4	6	6	2
user_1027	5.0	5.0	4.0	4.0	4.333333333333333	5	6	6	6	6	3	3	4	4	6	4	4
user_1029	4.666666666666667	4.666666666666667	4.333333333333333	1.3333333333333333	2.6666666666666665	6	5	6	6	6	6	4	5	5	5	6	4
user_1031	4.666666666666667	5.0	3.6666666666666665	1.6666666666666667	3.333333333333333	3	5	6	6	5	6	5	6	5	5	6	2
user_1033	4.0	4.666666666666667	2.6666666666666665	2.0	3.6666666666666665	4	4	5	5	6	5	4	3	4	5	4	3
user_1035	4.0	4.0	4.0	2.0	3.333333333333333	4	3	4	3	5	4	4	4	4	4	4	2
user_1036	3.6666666666666665	5.0	4.666666666666667	4.333333333333333	3.333333333333333	2	2	5	5	2	2	2	6	5	5	4	4
user_1038	4.666666666666667	4.666666666666667	4.666666666666667	2.333333333333333	3.333333333333333	1	2	4	6	6	3	5	3	4	4	6	2
user_1040	2.6666666666666665	4.666666666666667	4.0	1.3333333333333333	3.333333333333333	6	5	6	5	6	5	2	1	5	5	6	4
user_504	4.333333333333333	4.333333333333333	4.333333333333333	2.0	3.333333333333333	4	4	5	5	5	5	4	6	4	5	6	2
user_1041	4.333333333333333	4.666666666666667	4.333333333333333	2.0	4.0	4	5	5	4	5	5	4	6	5	6	6	3
user_1042	3.333333333333333	4.0	3.333333333333333	2.0	3.6666666666666665	5	5	5	5	5	5	2	4	5	4	4	4
user_1043	3.0	4.0	3.6666666666666665	3.6666666666666665	2.6666666666666665	5	3	4	5	5	4	2	4	5	4	4	4
user_1045	3.0	4.666666666666667	4.666666666666667	2.0	3.333333333333333	5	4	5	6	4	4	3	5	5	6	6	2
user_1047	3.0	4.666666666666667	5.0	3.333333333333333	2.333333333333333	5	3	4	2	2	6	6	6	6	2	6	4
user_1049	2.333333333333333	3.333333333333333	2.6666666666666665	3.0	3.6666666666666665	4	2	4	5	6	5	6	5	5	5	6	3
user_1050	4.333333333333333	5.0	4.0	2.0	3.333333333333333	4	5	5	5	5	5	4	4	6	5	6	3
user_444	4.666666666666667	5.0	3.6666666666666665	1.0	2.333333333333333	4	4	5	5	5	5	5	5	5	5	4	4
user_1053	4.0	3.333333333333333	4.0	2.6666666666666665	4.333333333333333	4	5	6	3	4	5	4	3	4	4	6	4
user_1055	4.0	4.0	3.6666666666666665	3.333333333333333	4.333333333333333	5	4	5	6	5	6	5	6	5	6	6	4
user_1057	4.666666666666667	5.0	3.6666666666666665	2.0	4.333333333333333	5	2	5	5	6	4	2	4	6	5	4	4
user_1059	3.6666666666666665	4.0	3.6666666666666665	2.333333333333333	3.0	2	2	3	2	2	3	3	4	4	4	2	3
user_1061	4.333333333333333	4.666666666666667	4.333333333333333	3.6666666666666665	4.0	6	4	6	3	5	4	6	5	6	6	6	3
user_1062	3.333333333333333	4.0	3.333333333333333	2.333333333333333	3.333333333333333	4	5	5	5	6	5	1	5	6	5	6	3
user_1063	4.666666666666667	4.333333333333333	4.666666666666667	2.6666666666666665	3.6666666666666665	3	6	6	4	5	5	4	3	5	6	4	2
user_1065	3.333333333333333	5.0	3.333333333333333	1.6666666666666667	3.6666666666666665	6	5	6	6	5	4	2	5	5	5	6	4
user_1067	4.666666666666667	5.0	3.6666666666666665	2.0	3.333333333333333	5	4	6	6	6	6	5	6	6	6	6	2
user_1069	4.666666666666667	5.0	4.666666666666667	1.0	3.333333333333333	5	3	6	6	6	6	3	6	6	6	4	1
user_1071	4.666666666666667	5.0	4.333333333333333	1.6666666666666667	3.6666666666666665	5	6	6	5	6	4	4	4	5	6	4	4
user_1073	2.6666666666666665	4.666666666666667	4.0	2.0	3.0	3	2	5	6	5	2	3	3	3	5	4	2
user_1075	3.333333333333333	4.666666666666667	5.0	2.0	3.0	5	6	5	4	5	4	3	4	5	5	4	3
user_1077	4.0	4.333333333333333	4.0	3.6666666666666665	3.333333333333333	6	4	5	4	6	5	4	5	6	6	4	2
user_1079	3.333333333333333	4.0	4.0	2.6666666666666665	3.0	5	4	4	4	6	4	5	5	4	4	4	4
user_1081	4.0	3.333333333333333	2.6666666666666665	3.0	3.0	3	4	3	4	3	3	3	4	4	4	4	4
user_1083	4.0	5.0	5.0	1.3333333333333333	3.333333333333333	5	6	6	6	6	5	5	6	6	6	6	2
user_1086	4.333333333333333	5.0	5.0	2.0	3.6666666666666665	6	5	6	6	6	6	6	6	5	6	6	4
user_1088	2.6666666666666665	3.333333333333333	3.0	2.333333333333333	2.333333333333333	5	4	5	4	5	3	5	4	5	4	4	3
user_1090	4.333333333333333	5.0	4.0	1.0	3.6666666666666665	5	5	6	6	6	6	4	6	5	5	6	4
user_1092	5.0	4.333333333333333	4.333333333333333	1.3333333333333333	3.333333333333333	2	4	6	6	6	6	4	3	4	4	4	3
user_1094	3.0	4.0	4.0	3.0	3.333333333333333	5	5	5	5	5	4	3	4	4	4	4	4
user_1096	4.0	5.0	3.0	4.0	3.333333333333333	3	5	5	6	6	4	2	1	6	4	4	3
user_1098	3.0	4.0	3.6666666666666665	2.6666666666666665	3.333333333333333	5	4	5	5	5	4	5	5	4	5	4	2
user_1100	3.6666666666666665	3.6666666666666665	4.0	1.6666666666666667	2.6666666666666665	5	5	6	6	5	6	5	6	6	5	4	3
user_1102	5.0	4.333333333333333	2.333333333333333	4.0	4.0	2	2	6	6	6	6	5	3	3	4	6	3
user_1103	4.0	5.0	5.0	1.3333333333333333	3.333333333333333	6	5	5	5	6	5	4	6	5	5	4	2
user_76	4.333333333333333	4.0	3.6666666666666665	2.333333333333333	3.0	4	5	5	6	6	4	3	3	4	6	4	2
user_1106	4.333333333333333	5.0	3.333333333333333	2.0	3.6666666666666665	5	4	6	5	4	4	3	2	5	5	4	4
user_1108	2.0	4.333333333333333	5.0	5.0	4.0	4	3	6	6	6	2	3	1	3	4	4	3
user_1110	3.6666666666666665	5.0	4.333333333333333	1.3333333333333333	3.6666666666666665	5	5	6	6	5	6	5	5	5	5	6	3
user_1112	1.6666666666666667	4.0	4.0	4.0	3.333333333333333	5	5	6	4	2	1	4	2	2	5	3	4
user_1113	3.0	3.6666666666666665	4.0	2.6666666666666665	3.0	2	3	5	4	4	6	5	6	6	6	2	3
user_1115	2.333333333333333	4.0	5.0	2.333333333333333	3.333333333333333	4	1	3	6	6	2	1	1	6	6	3	1
user_1117	4.666666666666667	4.666666666666667	5.0	1.6666666666666667	3.0	5	5	6	6	4	5	4	4	5	5	4	2
user_1119	2.6666666666666665	3.333333333333333	4.666666666666667	2.0	3.0	4	3	5	6	5	5	4	4	4	5	3	3
user_1121	2.0	2.0	3.333333333333333	2.0	3.6666666666666665	2	2	3	4	3	4	3	3	5	2	6	2
user_1122	5.0	5.0	4.666666666666667	1.3333333333333333	3.0	6	6	6	6	6	4	6	6	6	6	6	2
user_1124	4.333333333333333	4.0	3.333333333333333	1.6666666666666667	3.0	5	4	5	6	4	6	3	2	5	2	6	3
user_1093	3.0	4.666666666666667	4.0	2.6666666666666665	2.333333333333333	5	2	6	6	6	5	4	5	5	5	6	4
user_1127	4.0	3.6666666666666665	3.6666666666666665	3.0	3.0	5	5	5	5	5	5	4	5	5	5	4	4
user_1129	4.0	5.0	4.666666666666667	2.0	3.6666666666666665	2	4	5	6	4	6	4	5	5	5	4	2
user_1131	3.6666666666666665	5.0	5.0	2.6666666666666665	3.6666666666666665	4	5	6	5	4	4	5	5	5	5	4	4
user_1133	4.333333333333333	5.0	4.333333333333333	1.6666666666666667	3.333333333333333	5	5	5	6	6	6	6	6	6	6	4	4
user_1135	4.666666666666667	4.0	4.0	1.6666666666666667	3.333333333333333	5	4	5	5	5	5	4	6	5	3	4	3
user_1137	3.6666666666666665	4.666666666666667	3.6666666666666665	3.333333333333333	4.333333333333333	5	4	5	4	5	4	5	4	5	4	4	4
user_1139	2.0	4.333333333333333	3.0	3.0	2.6666666666666665	3	3	6	5	4	4	3	3	3	4	4	3
user_1140	4.666666666666667	5.0	4.333333333333333	2.6666666666666665	4.333333333333333	4	4	5	6	6	6	5	6	6	6	4	3
user_1142	5.0	5.0	5.0	1.0	3.6666666666666665	5	4	4	4	5	4	5	5	5	5	4	4
user_1144	3.333333333333333	4.333333333333333	4.666666666666667	1.6666666666666667	3.333333333333333	5	3	5	5	6	4	4	6	5	5	4	2
user_1146	4.0	5.0	3.333333333333333	2.6666666666666665	4.333333333333333	5	5	6	6	6	6	3	6	6	6	6	6
user_1148	3.6666666666666665	5.0	3.6666666666666665	3.0	3.6666666666666665	5	2	6	6	6	3	2	1	3	6	6	3
user_1150	4.666666666666667	4.333333333333333	4.333333333333333	1.6666666666666667	3.333333333333333	5	2	4	5	6	3	2	5	4	5	6	4
user_1152	3.333333333333333	4.666666666666667	4.666666666666667	2.333333333333333	4.0	5	6	6	6	6	5	6	5	6	6	4	4
user_1130	5.0	4.666666666666667	5.0	1.3333333333333333	2.6666666666666665	5	6	5	5	6	4	3	5	4	3	6	4
user_1155	5.0	5.0	5.0	1.0	3.6666666666666665	5	5	5	5	5	3	3	5	5	5	6	2
user_1157	5.0	5.0	5.0	1.0	3.0	6	5	6	6	2	5	6	6	6	6	4	2
user_1161	4.333333333333333	5.0	4.333333333333333	1.0	3.6666666666666665	5	2	6	6	5	4	4	5	3	4	4	2
user_1163	2.6666666666666665	2.333333333333333	4.0	3.333333333333333	3.0	3	4	5	5	5	3	2	5	2	5	4	4
user_1165	1.3333333333333333	4.0	4.0	3.6666666666666665	3.6666666666666665	5	4	5	6	4	4	6	5	6	6	3	3
user_1166	3.333333333333333	4.0	3.333333333333333	3.333333333333333	4.0	5	5	5	5	5	5	5	5	5	5	4	4
user_1168	3.6666666666666665	5.0	5.0	2.6666666666666665	3.6666666666666665	4	6	6	6	6	6	4	5	5	4	6	2
user_1170	4.333333333333333	4.666666666666667	4.333333333333333	2.6666666666666665	3.0	3	5	5	5	6	4	3	5	5	5	4	4
user_1172	3.0	4.666666666666667	4.0	2.0	3.6666666666666665	2	2	5	6	4	5	2	4	5	5	4	2
user_1173	4.0	4.0	2.6666666666666665	2.0	3.0	2	1	4	5	4	4	4	2	2	3	2	2
user_1175	2.6666666666666665	3.6666666666666665	3.6666666666666665	3.333333333333333	3.333333333333333	2	5	4	5	5	3	2	3	2	5	4	2
user_1177	3.6666666666666665	4.666666666666667	5.0	2.6666666666666665	3.6666666666666665	6	4	6	6	6	5	4	5	5	5	6	2
user_1179	1.3333333333333333	3.6666666666666665	5.0	3.6666666666666665	3.0	4	3	4	3	6	1	5	4	5	6	6	1
user_1181	4.333333333333333	4.666666666666667	3.6666666666666665	3.0	3.6666666666666665	2	1	6	6	6	2	4	5	3	6	4	3
user_1182	2.6666666666666665	4.666666666666667	5.0	3.6666666666666665	4.0	6	4	6	6	6	3	4	4	4	5	6	4
user_1184	4.0	4.333333333333333	5.0	2.6666666666666665	3.333333333333333	6	5	6	6	6	4	2	4	4	4	4	2
user_1186	1.6666666666666667	2.333333333333333	3.6666666666666665	3.333333333333333	3.333333333333333	5	3	2	6	6	3	4	2	3	5	4	2
user_1189	3.6666666666666665	4.0	2.333333333333333	2.333333333333333	3.0	2	3	4	6	5	4	4	2	3	4	4	4
user_1191	3.333333333333333	3.6666666666666665	4.333333333333333	2.333333333333333	3.6666666666666665	5	6	5	4	5	5	6	4	5	5	4	4
user_1193	4.666666666666667	5.0	4.0	1.0	3.6666666666666665	6	4	6	6	6	6	2	5	5	3	6	3
user_1194	3.333333333333333	4.666666666666667	3.6666666666666665	2.6666666666666665	3.0	5	6	6	6	4	3	2	4	6	6	4	3
user_1196	5.0	4.666666666666667	2.333333333333333	4.0	3.6666666666666665	5	1	6	6	6	6	6	5	5	6	6	2
user_1198	4.333333333333333	4.666666666666667	4.666666666666667	4.0	3.6666666666666665	5	2	5	6	6	6	6	4	5	6	6	4
user_1200	3.333333333333333	4.0	3.6666666666666665	2.6666666666666665	4.0	4	3	4	5	6	4	2	6	4	6	4	3
user_1202	3.333333333333333	2.6666666666666665	4.666666666666667	3.6666666666666665	3.6666666666666665	3	2	3	6	6	6	2	6	3	4	6	4
user_1204	3.0	3.6666666666666665	4.333333333333333	2.6666666666666665	3.6666666666666665	6	3	5	5	5	3	4	5	4	5	6	2
user_1206	4.0	4.666666666666667	4.0	1.3333333333333333	3.6666666666666665	3	2	5	6	6	4	4	6	4	6	6	2
user_1208	2.333333333333333	3.0	3.6666666666666665	3.6666666666666665	3.0	4	5	4	4	4	3	5	5	5	5	4	3
user_1210	3.333333333333333	4.0	3.0	2.0	3.333333333333333	2	4	5	5	5	4	4	4	4	5	4	3
user_1211	3.6666666666666665	3.6666666666666665	3.6666666666666665	2.0	3.0	1	1	4	5	6	4	6	6	6	5	4	2
user_1213	3.6666666666666665	5.0	4.0	1.3333333333333333	3.6666666666666665	5	3	6	6	6	3	4	4	4	5	6	3
user_1215	4.0	5.0	5.0	2.0	3.333333333333333	4	2	5	6	6	4	4	6	6	5	6	2
user_1214	4.0	4.666666666666667	4.333333333333333	1.6666666666666667	3.0	4	4	4	6	5	4	3	4	6	4	4	3
user_1218	3.6666666666666665	4.333333333333333	3.0	2.6666666666666665	3.333333333333333	4	4	5	5	5	5	5	3	4	4	4	4
user_1220	3.0	4.0	2.6666666666666665	3.0	4.0	3	2	5	6	3	5	4	3	5	5	4	2
user_1222	4.666666666666667	5.0	4.333333333333333	3.0	3.333333333333333	5	4	6	6	5	3	3	5	5	6	6	4
user_1223	3.6666666666666665	4.666666666666667	3.6666666666666665	3.6666666666666665	4.666666666666667	4	5	5	6	6	6	2	5	6	6	4	4
user_1225	3.6666666666666665	4.333333333333333	4.666666666666667	1.6666666666666667	3.333333333333333	5	5	6	5	6	5	4	5	4	6	6	2
user_1227	3.6666666666666665	5.0	3.6666666666666665	3.333333333333333	3.0	5	5	6	5	6	4	2	5	6	6	6	4
user_1229	3.333333333333333	4.0	2.6666666666666665	3.0	2.333333333333333	5	6	5	4	5	5	2	5	4	3	3	6
user_1231	4.666666666666667	4.333333333333333	4.333333333333333	2.0	3.6666666666666665	4	1	6	5	6	5	3	3	4	4	4	3
user_1233	4.666666666666667	4.666666666666667	5.0	3.0	3.333333333333333	5	3	5	4	5	4	4	5	5	5	4	3
user_1235	3.6666666666666665	4.0	4.0	2.6666666666666665	3.6666666666666665	5	1	5	6	5	4	4	5	4	4	4	2
user_1237	2.6666666666666665	4.0	4.0	2.6666666666666665	3.333333333333333	3	4	4	5	6	5	3	3	3	3	4	4
user_1238	5.0	4.666666666666667	3.333333333333333	2.6666666666666665	3.333333333333333	2	5	6	6	4	3	5	3	4	5	6	4
user_1241	4.0	3.6666666666666665	4.333333333333333	2.6666666666666665	2.6666666666666665	4	4	5	5	5	4	3	4	5	6	4	4
user_1243	4.0	4.666666666666667	3.333333333333333	3.333333333333333	3.0	5	5	2	5	5	3	2	5	5	5	2	4
user_1245	5.0	5.0	4.333333333333333	2.0	3.333333333333333	1	6	6	6	6	6	6	4	2	6	2	6
user_1247	4.666666666666667	3.333333333333333	3.6666666666666665	2.333333333333333	3.333333333333333	6	6	6	4	5	4	5	6	4	6	6	6
user_1249	3.333333333333333	4.0	4.0	3.0	4.333333333333333	6	2	5	4	5	4	5	6	5	6	3	3
user_1251	3.333333333333333	4.333333333333333	3.6666666666666665	1.6666666666666667	3.0	4	4	4	4	5	5	4	6	5	5	4	3
user_1253	3.333333333333333	4.0	4.0	3.6666666666666665	3.333333333333333	3	3	5	5	4	3	6	1	3	4	3	4
user_1255	3.6666666666666665	4.666666666666667	4.666666666666667	3.333333333333333	3.6666666666666665	5	5	6	6	4	4	4	4	5	5	3	3
user_1257	3.6666666666666665	3.333333333333333	2.6666666666666665	1.6666666666666667	3.0	1	1	5	6	4	4	5	4	5	4	4	2
user_1259	2.0	4.0	3.6666666666666665	3.6666666666666665	3.333333333333333	4	3	5	5	5	1	1	3	3	5	4	2
user_1262	3.333333333333333	5.0	3.6666666666666665	4.333333333333333	4.0	1	4	6	6	6	5	6	4	6	6	6	2
user_1265	4.333333333333333	5.0	2.6666666666666665	2.0	3.6666666666666665	2	2	6	5	5	6	5	6	5	6	4	2
user_1267	3.6666666666666665	3.333333333333333	3.0	3.0	4.0	3	4	5	4	3	2	1	4	5	3	3	4
user_1269	2.0	3.333333333333333	5.0	3.6666666666666665	3.6666666666666665	5	5	5	5	6	3	3	5	6	6	4	6
user_1272	2.6666666666666665	4.666666666666667	4.0	3.6666666666666665	4.0	6	5	5	5	4	3	3	3	2	5	3	4
user_1274	4.0	4.0	5.0	2.0	2.333333333333333	6	5	6	5	5	6	4	6	6	6	4	4
user_1276	5.0	5.0	3.6666666666666665	1.3333333333333333	3.0	4	4	5	6	5	5	6	6	6	4	6	3
user_1279	3.333333333333333	5.0	2.333333333333333	3.6666666666666665	3.6666666666666665	2	1	6	6	2	6	6	5	4	6	4	6
user_1281	3.6666666666666665	5.0	4.0	1.3333333333333333	3.6666666666666665	6	6	6	6	6	4	6	4	4	5	6	4
user_1283	4.0	4.0	3.6666666666666665	2.0	3.6666666666666665	2	5	6	6	6	6	6	6	6	6	4	3
user_1285	4.0	4.0	4.0	2.0	3.0	5	4	4	4	5	5	5	5	5	5	4	4
user_1287	5.0	5.0	4.333333333333333	3.6666666666666665	3.6666666666666665	4	4	5	5	5	2	3	5	5	5	6	3
user_1289	3.6666666666666665	5.0	5.0	1.0	3.0	6	2	6	6	6	2	2	2	1	6	6	6
user_1291	3.0	3.0	4.0	3.0	3.0	1	6	4	1	6	3	5	6	6	6	6	1
user_1293	4.333333333333333	4.333333333333333	4.0	2.6666666666666665	3.6666666666666665	3	3	5	6	5	5	5	2	4	6	6	4
user_1295	4.333333333333333	5.0	4.333333333333333	2.333333333333333	3.333333333333333	5	6	6	5	6	6	6	6	6	6	4	4
user_1296	4.0	3.6666666666666665	4.666666666666667	2.6666666666666665	3.6666666666666665	6	2	4	6	5	3	3	3	3	3	6	2
user_1298	3.333333333333333	3.6666666666666665	4.666666666666667	1.6666666666666667	3.6666666666666665	5	3	5	6	4	2	3	5	5	5	6	2
user_1300	4.333333333333333	4.333333333333333	3.6666666666666665	3.0	3.333333333333333	6	6	6	6	6	4	3	3	4	6	6	2
user_1302	5.0	5.0	4.0	1.0	3.333333333333333	5	3	5	5	5	5	4	3	4	5	4	2
user_1304	3.333333333333333	4.0	3.6666666666666665	2.6666666666666665	3.0	5	3	5	6	5	4	4	4	5	6	6	2
user_1305	3.0	4.0	3.333333333333333	2.333333333333333	3.0	4	5	4	5	5	5	4	4	5	5	4	2
user_1307	3.333333333333333	4.666666666666667	5.0	1.0	2.6666666666666665	4	4	5	5	4	3	3	2	4	5	4	3
user_901	3.6666666666666665	4.333333333333333	4.0	2.6666666666666665	3.0	4	2	4	6	5	4	6	5	6	6	4	2
user_1308	4.0	4.666666666666667	5.0	1.6666666666666667	3.333333333333333	5	5	5	5	6	4	3	5	5	6	6	4
user_1310	4.333333333333333	5.0	4.666666666666667	1.3333333333333333	3.333333333333333	6	6	6	6	4	6	1	6	6	6	6	1
user_1312	5.0	4.333333333333333	4.333333333333333	3.333333333333333	3.0	5	4	5	4	3	5	3	5	5	4	4	4
user_1314	3.333333333333333	4.666666666666667	4.333333333333333	1.3333333333333333	4.0	5	5	4	5	5	4	5	4	4	6	6	2
user_1315	2.6666666666666665	2.6666666666666665	5.0	1.3333333333333333	2.0	5	6	5	4	6	4	4	6	6	6	6	1
user_1316	4.0	4.666666666666667	3.6666666666666665	1.0	3.6666666666666665	4	2	6	6	6	6	6	3	3	4	4	4
user_1318	3.333333333333333	5.0	3.333333333333333	4.333333333333333	4.0	4	4	4	4	4	4	6	5	5	6	4	4
user_1319	4.666666666666667	4.666666666666667	3.6666666666666665	1.6666666666666667	3.6666666666666665	6	6	6	6	6	6	6	5	5	6	6	2
user_1321	3.6666666666666665	4.333333333333333	3.6666666666666665	3.0	4.0	2	3	4	4	4	3	4	5	5	5	4	4
user_1322	4.0	5.0	5.0	1.6666666666666667	3.333333333333333	5	5	6	6	5	2	2	1	1	4	4	4
user_1105	4.666666666666667	4.333333333333333	4.333333333333333	2.0	3.333333333333333	5	4	4	6	5	5	4	5	5	5	4	2
user_1325	2.6666666666666665	4.0	4.666666666666667	2.6666666666666665	3.333333333333333	4	4	5	5	5	4	4	4	3	4	4	3
user_1327	3.6666666666666665	4.666666666666667	3.333333333333333	1.3333333333333333	3.0	5	5	6	6	5	4	4	4	5	6	4	4
user_1329	4.666666666666667	5.0	3.333333333333333	2.333333333333333	3.0	5	5	6	6	4	2	2	4	5	6	4	6
user_1331	3.333333333333333	3.333333333333333	4.0	1.6666666666666667	3.6666666666666665	5	4	5	3	4	2	4	4	6	3	3	2
user_1333	3.0	4.666666666666667	3.333333333333333	2.333333333333333	3.333333333333333	5	3	6	4	4	3	2	4	3	3	3	4
user_1335	2.6666666666666665	3.6666666666666665	3.0	1.6666666666666667	3.0	3	5	4	6	5	6	4	3	3	5	3	4
user_1337	3.333333333333333	4.0	3.6666666666666665	2.6666666666666665	3.0	4	4	4	4	4	4	4	3	3	3	4	4
user_1341	4.666666666666667	4.0	4.333333333333333	2.0	3.333333333333333	6	5	5	5	4	5	5	5	5	6	4	2
user_1343	2.0	4.0	4.0	1.3333333333333333	3.6666666666666665	6	6	6	6	6	6	4	6	6	6	6	3
user_1345	4.0	4.0	3.0	3.0	3.6666666666666665	4	2	2	1	2	5	2	2	2	1	4	2
user_1347	4.0	4.0	3.333333333333333	4.333333333333333	3.333333333333333	5	4	4	2	2	2	2	5	5	5	4	4
user_1349	2.333333333333333	4.666666666666667	4.333333333333333	2.333333333333333	2.0	4	3	6	6	5	5	2	4	2	6	4	4
user_1351	3.333333333333333	4.0	4.666666666666667	3.6666666666666665	3.333333333333333	6	4	2	2	5	5	5	5	6	5	6	2
user_1353	4.666666666666667	4.0	4.333333333333333	2.0	3.333333333333333	6	5	6	6	4	5	5	5	5	5	4	4
user_1355	4.666666666666667	4.333333333333333	1.6666666666666667	1.3333333333333333	3.6666666666666665	5	2	6	6	4	6	6	5	6	4	2	4
user_1303	4.333333333333333	2.333333333333333	4.0	3.0	2.6666666666666665	3	4	2	3	5	4	4	5	5	5	4	2
user_1358	4.333333333333333	5.0	4.666666666666667	2.0	4.0	6	6	6	6	6	6	6	6	6	6	6	6
user_452	3.0	5.0	3.6666666666666665	4.0	3.6666666666666665	5	5	6	6	5	5	2	4	5	5	4	4
user_1360	2.333333333333333	2.333333333333333	5.0	1.6666666666666667	3.6666666666666665	6	6	4	6	6	6	6	6	6	6	6	3
user_1362	4.333333333333333	4.666666666666667	4.0	3.0	3.333333333333333	5	6	6	6	6	6	5	6	6	6	6	2
user_1364	3.333333333333333	2.6666666666666665	3.0	3.6666666666666665	2.6666666666666665	3	4	5	4	3	4	4	4	4	4	3	4
user_1366	3.6666666666666665	4.333333333333333	4.333333333333333	1.3333333333333333	3.6666666666666665	2	3	5	6	6	6	3	5	4	5	6	3
user_1368	4.666666666666667	4.0	4.333333333333333	2.0	3.333333333333333	4	3	3	6	6	4	4	5	4	6	4	4
user_1370	2.333333333333333	4.333333333333333	4.0	4.333333333333333	3.333333333333333	5	5	5	5	6	6	6	5	6	5	4	3
user_1372	3.6666666666666665	4.0	4.666666666666667	3.0	3.0	6	5	5	5	5	5	4	5	5	5	4	2
user_1374	2.6666666666666665	4.666666666666667	3.333333333333333	3.333333333333333	2.6666666666666665	5	5	6	4	4	3	5	5	5	6	4	4
user_1376	3.6666666666666665	5.0	5.0	1.3333333333333333	3.333333333333333	4	5	3	6	6	6	6	4	4	6	6	3
user_1378	4.333333333333333	4.666666666666667	4.333333333333333	1.0	3.0	3	3	5	6	6	5	5	5	4	5	4	3
user_1379	5.0	5.0	3.333333333333333	1.0	3.333333333333333	5	5	6	6	6	6	6	6	6	6	4	3
user_1381	3.6666666666666665	4.0	4.0	2.0	3.333333333333333	5	4	6	6	5	5	2	2	3	3	6	2
user_1383	1.0	3.6666666666666665	1.0	5.0	5.0	1	1	6	6	6	1	1	1	1	1	1	6
user_1386	4.0	4.333333333333333	4.333333333333333	2.333333333333333	3.333333333333333	2	3	4	5	5	5	5	4	5	4	4	3
user_1388	4.333333333333333	4.333333333333333	1.3333333333333333	2.0	3.333333333333333	1	1	6	6	6	4	6	2	5	5	6	4
user_1390	4.666666666666667	5.0	4.333333333333333	2.0	3.0	3	5	5	6	5	4	2	6	5	5	4	2
user_1392	3.0	5.0	5.0	2.6666666666666665	3.6666666666666665	4	5	6	4	6	3	5	6	6	6	4	6
user_1394	4.0	4.333333333333333	4.0	3.333333333333333	4.333333333333333	6	6	4	4	6	6	6	6	6	6	6	6
user_1396	4.333333333333333	5.0	5.0	1.0	3.333333333333333	6	6	6	6	5	4	1	5	6	6	6	2
user_1398	4.666666666666667	4.666666666666667	4.666666666666667	2.333333333333333	4.333333333333333	6	4	6	6	5	5	3	6	6	6	4	4
user_1400	5.0	5.0	2.333333333333333	2.0	3.6666666666666665	1	1	6	6	6	6	5	3	5	3	6	1
user_1402	2.6666666666666665	4.0	4.0	2.0	3.333333333333333	4	4	4	3	4	4	3	4	4	6	4	2
user_1404	4.666666666666667	5.0	4.0	1.6666666666666667	3.333333333333333	5	2	6	6	6	6	6	6	4	4	6	2
user_1406	3.6666666666666665	5.0	4.333333333333333	3.6666666666666665	4.333333333333333	6	5	6	6	6	5	6	6	6	6	4	3
user_1408	4.666666666666667	4.666666666666667	4.333333333333333	1.6666666666666667	3.6666666666666665	5	6	6	5	4	5	4	4	5	5	4	6
user_1410	4.0	4.666666666666667	4.0	2.333333333333333	3.6666666666666665	5	5	6	6	4	6	5	5	5	6	6	3
user_1412	2.0	3.0	3.6666666666666665	2.333333333333333	3.333333333333333	4	2	5	6	6	3	2	5	5	6	6	2
user_1414	4.333333333333333	5.0	4.333333333333333	1.3333333333333333	3.0	4	4	6	4	5	3	3	3	5	5	4	3
user_1416	4.666666666666667	5.0	5.0	1.0	3.6666666666666665	5	6	6	6	6	6	6	6	6	6	6	3
user_1418	3.0	3.6666666666666665	3.6666666666666665	1.3333333333333333	3.6666666666666665	5	5	4	4	5	4	5	5	5	5	4	2
user_1420	3.6666666666666665	4.666666666666667	4.666666666666667	3.0	3.333333333333333	3	5	5	3	6	5	5	5	6	6	6	6
user_1422	2.333333333333333	4.666666666666667	3.6666666666666665	3.333333333333333	3.333333333333333	6	6	6	6	6	5	5	6	6	6	6	6
user_1424	5.0	5.0	4.666666666666667	2.0	3.0	5	4	6	6	6	6	6	6	5	5	6	3
user_1426	4.666666666666667	5.0	4.0	1.6666666666666667	3.0	6	5	6	6	5	5	5	5	5	6	6	2
user_1428	2.333333333333333	3.6666666666666665	4.666666666666667	1.6666666666666667	2.333333333333333	5	5	5	6	6	3	3	3	3	4	4	3
user_1429	4.333333333333333	4.0	4.666666666666667	1.6666666666666667	4.0	5	5	6	5	6	4	4	6	5	5	4	2
user_1431	2.6666666666666665	3.333333333333333	3.6666666666666665	2.0	3.0	5	5	4	6	6	3	3	6	5	6	4	2
user_1433	5.0	5.0	5.0	1.0	2.333333333333333	6	3	6	6	6	6	5	5	5	6	6	1
user_1435	3.6666666666666665	3.6666666666666665	3.0	2.6666666666666665	4.0	4	3	3	5	6	6	2	6	6	3	4	2
user_1437	2.6666666666666665	3.0	2.6666666666666665	3.6666666666666665	3.6666666666666665	6	5	6	5	4	6	6	4	4	5	6	4
user_1438	3.0	4.0	4.666666666666667	4.666666666666667	3.6666666666666665	3	1	6	6	6	4	4	4	6	6	6	2
user_1440	3.6666666666666665	3.6666666666666665	3.333333333333333	3.0	2.0	4	5	3	4	6	6	4	3	4	1	6	4
user_1442	4.0	4.333333333333333	2.6666666666666665	1.6666666666666667	3.333333333333333	5	3	5	5	6	4	5	4	4	6	6	2
user_1444	4.333333333333333	5.0	4.666666666666667	3.0	3.0	5	4	5	6	6	6	6	6	6	6	4	2
user_1446	2.333333333333333	3.333333333333333	3.6666666666666665	1.6666666666666667	3.6666666666666665	1	1	6	6	6	6	6	6	6	6	6	2
user_1447	3.333333333333333	3.333333333333333	3.6666666666666665	2.0	3.0	3	4	3	3	3	3	3	5	5	5	4	2
user_1449	2.6666666666666665	3.333333333333333	3.6666666666666665	2.0	2.6666666666666665	4	4	4	4	5	5	3	4	4	4	4	2
user_1450	4.333333333333333	4.666666666666667	4.0	1.3333333333333333	3.333333333333333	3	3	5	6	5	5	4	4	3	5	6	2
user_1451	3.333333333333333	4.0	4.0	2.333333333333333	3.333333333333333	3	3	3	2	5	4	5	3	2	4	4	2
user_1453	5.0	4.333333333333333	2.6666666666666665	2.333333333333333	3.333333333333333	3	4	5	6	5	6	4	3	4	3	6	3
user_1455	3.0	4.0	3.0	4.0	3.333333333333333	5	5	4	6	4	4	2	5	5	6	4	4
user_1456	3.0	4.666666666666667	5.0	2.333333333333333	3.6666666666666665	6	4	6	6	5	3	6	4	5	4	4	3
user_1457	3.6666666666666665	4.666666666666667	4.333333333333333	1.0	3.0	6	5	5	6	3	6	3	2	5	6	4	4
user_1458	4.333333333333333	5.0	4.666666666666667	1.0	3.0	5	5	6	6	6	4	3	2	4	4	4	4
user_1459	3.333333333333333	4.666666666666667	4.666666666666667	2.0	4.0	6	5	6	6	6	6	3	5	5	6	4	4
user_1460	1.6666666666666667	4.0	4.666666666666667	1.6666666666666667	3.333333333333333	6	5	5	5	5	3	2	2	2	5	4	2
user_1462	5.0	5.0	4.333333333333333	3.6666666666666665	3.0	4	4	6	6	6	4	5	4	6	5	6	2
user_1464	3.6666666666666665	5.0	3.6666666666666665	3.6666666666666665	3.0	4	3	6	6	6	6	6	6	6	6	6	6
user_1465	5.0	5.0	5.0	1.0	3.6666666666666665	6	6	6	6	6	6	6	6	6	6	6	1
user_1467	3.6666666666666665	3.333333333333333	5.0	1.6666666666666667	2.6666666666666665	3	3	3	6	5	5	5	5	5	5	6	1
user_1469	4.0	4.333333333333333	4.0	3.0	3.6666666666666665	3	5	5	5	5	6	3	3	5	1	4	1
user_1470	4.666666666666667	4.333333333333333	5.0	3.333333333333333	5.0	6	4	6	6	5	6	3	5	5	6	4	4
user_1472	5.0	4.666666666666667	4.0	3.0	3.6666666666666665	3	2	6	6	6	6	5	4	3	4	6	3
user_1474	4.0	4.333333333333333	3.6666666666666665	3.0	4.333333333333333	5	3	5	6	2	5	4	6	5	5	6	4
user_1476	4.333333333333333	4.0	4.0	1.3333333333333333	3.333333333333333	2	4	5	4	6	5	6	6	4	3	4	2
user_1477	4.666666666666667	5.0	4.333333333333333	2.333333333333333	3.0	6	6	6	6	5	4	6	6	4	6	6	3
user_1479	4.666666666666667	5.0	3.6666666666666665	2.0	4.0	5	2	6	6	6	6	5	5	4	4	4	2
user_1481	5.0	4.666666666666667	4.333333333333333	2.333333333333333	4.0	5	3	5	6	6	5	3	4	6	4	4	4
user_1483	4.0	4.0	2.6666666666666665	2.0	3.0	3	3	5	5	4	5	3	3	4	5	4	2
user_1484	3.0	3.6666666666666665	3.333333333333333	2.6666666666666665	3.0	6	4	4	6	6	1	3	1	1	6	4	3
user_1486	1.3333333333333333	3.333333333333333	4.666666666666667	4.0	4.333333333333333	6	5	4	4	3	1	6	1	4	5	4	2
user_1488	4.0	5.0	3.6666666666666665	1.6666666666666667	3.6666666666666665	2	2	6	6	4	5	4	3	3	5	6	2
user_1490	1.6666666666666667	3.6666666666666665	4.333333333333333	2.0	2.6666666666666665	5	2	5	6	5	4	5	6	4	4	4	2
user_1487	3.0	4.666666666666667	4.666666666666667	1.0	3.6666666666666665	1	1	6	6	6	1	1	5	5	5	1	6
user_1493	4.666666666666667	5.0	4.333333333333333	2.0	2.6666666666666665	5	5	5	5	5	4	5	4	5	6	4	3
user_1494	3.6666666666666665	3.6666666666666665	3.0	2.0	3.0	3	3	3	5	4	4	4	3	5	4	4	3
user_1496	4.0	5.0	3.6666666666666665	4.333333333333333	3.6666666666666665	3	4	5	6	5	6	6	6	6	6	6	2
user_1497	3.0	4.0	3.6666666666666665	2.6666666666666665	3.333333333333333	5	4	3	5	5	3	4	5	5	5	3	3
user_1499	4.0	3.6666666666666665	4.666666666666667	2.0	3.333333333333333	5	4	4	3	5	5	4	5	6	5	4	3
user_1501	3.6666666666666665	2.6666666666666665	2.6666666666666665	2.333333333333333	3.333333333333333	4	4	3	3	3	4	4	4	3	3	3	3
user_1503	3.6666666666666665	4.333333333333333	3.6666666666666665	3.6666666666666665	4.333333333333333	5	6	6	5	5	6	6	5	6	6	4	4
user_1505	2.333333333333333	3.0	2.6666666666666665	3.0	4.0	3	2	4	4	5	3	2	2	4	4	4	2
user_1507	4.666666666666667	5.0	4.0	2.0	3.6666666666666665	3	3	6	6	6	6	5	6	6	6	6	2
user_1509	1.6666666666666667	4.0	4.0	4.333333333333333	2.0	6	6	6	6	6	1	3	5	5	5	4	2
user_1511	3.0	3.333333333333333	3.333333333333333	3.333333333333333	3.0	4	3	3	3	3	3	3	3	3	3	3	3
user_1513	1.0	4.333333333333333	3.6666666666666665	5.0	4.333333333333333	5	5	6	6	5	4	2	3	3	6	6	3
user_1515	3.6666666666666665	4.0	3.0	2.0	4.0	2	4	5	6	6	2	5	6	4	5	6	2
user_1517	4.0	5.0	3.6666666666666665	1.6666666666666667	3.0	4	4	4	6	5	5	3	4	5	5	4	4
user_1519	4.0	4.333333333333333	3.6666666666666665	1.3333333333333333	3.6666666666666665	2	4	4	4	5	6	5	5	4	2	4	2
user_1520	4.0	4.0	3.0	3.0	3.6666666666666665	3	3	5	5	5	5	5	4	5	5	6	2
user_1522	2.333333333333333	3.0	4.0	1.3333333333333333	3.0	5	4	3	3	5	3	5	4	4	5	6	2
user_1524	5.0	5.0	3.6666666666666665	1.0	3.6666666666666665	5	5	6	4	6	4	4	6	6	3	4	4
user_1525	4.666666666666667	5.0	4.333333333333333	3.6666666666666665	2.6666666666666665	5	5	5	4	3	4	5	4	4	5	4	4
user_1526	2.6666666666666665	5.0	3.6666666666666665	2.0	3.6666666666666665	3	4	6	6	6	4	4	2	5	4	3	4
user_1527	3.6666666666666665	4.0	3.333333333333333	2.6666666666666665	3.6666666666666665	5	4	5	4	4	3	3	3	4	5	4	4
user_1529	2.6666666666666665	4.0	3.333333333333333	3.333333333333333	3.0	2	4	5	6	5	4	6	4	5	6	6	3
user_1419	4.333333333333333	4.0	3.6666666666666665	2.0	3.0	4	5	5	4	5	3	4	5	5	4	4	4
user_1532	3.6666666666666665	4.666666666666667	3.333333333333333	3.6666666666666665	3.6666666666666665	5	4	5	6	6	5	4	5	6	6	4	6
user_1534	3.0	4.0	3.333333333333333	3.6666666666666665	4.333333333333333	4	5	5	5	4	5	6	5	5	5	4	6
user_1536	3.6666666666666665	5.0	3.6666666666666665	3.6666666666666665	5.0	6	6	6	6	6	6	6	6	6	6	6	6
user_1538	4.0	4.666666666666667	4.666666666666667	1.6666666666666667	3.333333333333333	5	5	6	6	6	6	6	6	5	6	4	3
user_1540	5.0	4.666666666666667	4.0	3.333333333333333	4.333333333333333	2	1	5	6	6	6	6	6	4	6	6	1
user_1542	3.6666666666666665	4.333333333333333	4.666666666666667	2.0	2.6666666666666665	6	4	5	6	3	3	4	5	5	5	6	2
user_1543	3.6666666666666665	2.6666666666666665	3.6666666666666665	2.0	3.333333333333333	4	4	3	5	5	3	3	4	4	4	4	2
user_1545	2.6666666666666665	4.0	5.0	1.6666666666666667	3.333333333333333	3	4	6	6	6	6	4	4	5	4	4	2
user_1547	4.666666666666667	5.0	3.6666666666666665	2.0	3.333333333333333	5	4	6	6	6	6	6	6	4	5	6	2
user_1549	4.0	4.666666666666667	4.0	2.6666666666666665	3.6666666666666665	5	5	6	5	4	3	1	5	6	5	4	3
user_1551	4.333333333333333	4.0	2.0	2.0	3.6666666666666665	1	3	5	4	4	3	4	3	3	5	6	4
user_1553	3.0	4.333333333333333	4.333333333333333	2.6666666666666665	4.0	4	4	5	6	6	3	4	4	4	6	6	2
user_1555	2.0	3.6666666666666665	3.0	4.333333333333333	4.333333333333333	1	5	4	3	4	5	4	4	3	4	1	2
user_1557	4.0	5.0	3.6666666666666665	2.6666666666666665	3.6666666666666665	5	2	6	6	6	5	3	4	4	5	6	4
user_1558	5.0	5.0	5.0	2.333333333333333	4.0	6	6	6	6	6	6	6	6	6	6	6	6
user_1560	4.666666666666667	4.666666666666667	4.333333333333333	2.0	3.6666666666666665	5	6	6	6	5	4	6	6	5	6	6	2
user_1561	3.333333333333333	4.666666666666667	5.0	1.0	2.333333333333333	6	5	6	6	6	1	1	6	5	5	4	1
user_1562	4.0	4.333333333333333	3.6666666666666665	3.333333333333333	3.333333333333333	4	5	5	5	4	5	2	5	5	5	4	3
user_1563	4.0	4.0	3.6666666666666665	3.0	3.6666666666666665	5	4	5	5	6	5	5	5	5	4	4	3
user_1565	4.0	3.0	3.6666666666666665	3.0	3.0	4	3	3	3	5	4	2	6	4	4	4	3
user_1567	3.6666666666666665	4.666666666666667	3.0	3.6666666666666665	4.666666666666667	5	6	5	6	5	6	5	6	5	5	4	6
user_1568	4.333333333333333	4.0	3.6666666666666665	1.3333333333333333	2.333333333333333	4	4	4	2	2	2	2	2	4	5	4	2
user_1570	3.333333333333333	4.333333333333333	3.333333333333333	1.3333333333333333	4.333333333333333	1	3	6	6	6	5	4	4	5	5	4	2
user_1572	3.6666666666666665	3.6666666666666665	4.666666666666667	1.0	3.6666666666666665	2	1	2	6	6	5	6	3	5	6	4	2
user_1573	4.333333333333333	5.0	5.0	2.0	3.333333333333333	5	6	6	6	5	3	4	4	5	5	4	4
user_1575	3.333333333333333	3.6666666666666665	3.0	3.0	2.333333333333333	4	5	6	6	6	6	2	5	5	5	4	4
user_1577	3.6666666666666665	4.333333333333333	4.0	2.6666666666666665	2.333333333333333	4	6	6	6	5	5	1	6	6	6	4	3
user_1579	1.3333333333333333	1.0	3.333333333333333	3.6666666666666665	2.6666666666666665	5	5	6	6	6	6	6	6	6	6	6	4
user_1580	3.6666666666666665	4.0	4.333333333333333	1.3333333333333333	2.333333333333333	5	4	6	6	6	3	2	5	6	4	6	1
user_1582	4.333333333333333	4.333333333333333	4.333333333333333	3.333333333333333	3.0	6	5	5	5	6	4	5	5	5	6	6	4
user_1584	4.333333333333333	4.333333333333333	3.0	4.333333333333333	4.666666666666667	4	3	6	6	6	4	3	6	6	6	3	3
user_1586	5.0	5.0	5.0	5.0	5.0	2	5	6	6	6	6	4	6	6	6	6	6
user_1588	4.0	4.0	4.0	3.0	3.6666666666666665	5	5	5	5	4	5	4	5	5	4	4	3
user_1590	3.333333333333333	5.0	5.0	3.0	3.6666666666666665	6	4	6	6	6	3	5	6	6	6	6	6
user_1591	4.333333333333333	5.0	5.0	1.6666666666666667	3.6666666666666665	6	3	6	6	6	6	2	6	6	6	6	2
user_1593	4.0	5.0	4.333333333333333	2.333333333333333	3.6666666666666665	6	5	5	6	6	5	6	5	6	6	6	3
